time_s,ROI1,ROI2,ROI3,ROI4,ROI5,ROI6,ROI7,ROI8,ROI9,ROI10,ROI11,ROI12,ROI13,ROI14,ROI15,ROI16,ROI17,ROI18,ROI19,ROI20,ROI21,ROI22,ROI23,ROI24,ROI25,ROI26,ROI27,ROI28,ROI29,ROI30,ROI31
0.0,0.0013382003,0.00440433,0.0014889565,0.0022582598,0.0010451691,0.0012442995,0.002963373,0.0028917626,0.0029139505,-0.0008379478,-0.0044314517,0.0011466201,0.002604949,0.0018208473,-0.0020861034,0.0010109629,0.003548712,0.0038704665,0.00508855,0.005864278,0.0039513465,0.0026506253,-0.0005413553,-0.0040693646,0.0016151522,-0.0030550947,0.004181032,-0.0033333413,-0.0011570946,0.013455904,-0.00054836407
0.1,-0.0017721095,0.0031810892,0.0009871615,0.0016283167,0.00092283107,0.004051691,0.0014217863,0.00083702145,-0.00028128753,-0.0028935915,-0.0002758939,-0.002879708,0.0018536907,-0.0018922879,-0.0037088203,-0.0018281615,0.0015320173,-0.003660502,0.0008529327,-0.0025112182,-0.0033383255,-0.0012761106,0.0014376927,-0.008672311,-0.0032890267,-0.0042598955,0.004662751,0.001344807,-0.0011304391,0.0017008982,-0.000117114265
0.2,-0.0018444172,-0.001727643,-0.0017904909,0.0013673262,-0.0035012406,-0.0047096284,0.0004029386,-0.002983689,-0.0046828673,-0.0039051499,-0.008149579,-0.011589196,-0.0030670203,-0.00480628,-0.010309178,-0.0035386742,-0.0039143506,-0.00324642,-0.0023002296,-0.0058783144,-0.0040093283,-0.0010904503,-0.003955386,-0.0045709815,-0.002576752,-0.0037664475,-0.00229648,-0.0035155918,-0.001565263,-0.002509398,-0.0060921567
0.3,-0.0038034806,-0.0022155405,-0.0029827652,-0.0016023874,-0.0044403677,-0.0036681066,-0.000578612,-0.0018900702,-0.0042323032,-0.0022909988,-0.0061735376,-0.0052572386,2.632935e-05,-0.0059003616,-0.002456605,-0.0058151004,-0.0043609063,0.002611029,-0.0028547535,-0.0022898703,-0.0027841374,0.00017522198,-0.001297687,0.0012415419,-0.0013591938,-0.0058858707,0.00015854868,-0.005272856,0.0011422746,-0.00094467006,-0.005079499
0.4,-0.0032241913,-0.006359847,-0.0041215257,-0.0044141742,-0.0040532164,-0.004383803,-0.0044907373,-0.002831704,-0.0031994798,-0.005187657,-0.005735133,-0.008423177,0.00027087843,-0.0037619171,-0.0012830907,-0.0023597532,-0.0025531482,-0.006812237,-0.0061755194,-0.0022375027,-0.003479661,-0.00748357,-0.001415914,-0.0015786913,-0.004534288,-0.009250296,0.0028300518,-0.00565739,0.0005569862,-0.0029013047,-0.005630875
0.5,-0.0050691185,-0.0039123218,-0.0027104137,-0.0030934815,-0.0032429455,-0.0056011523,-0.0040843156,-0.0023314399,-0.0053258385,-0.0046864385,-0.008457076,-0.0071651414,-0.002775654,-0.0053069266,-0.0020182992,-0.004317989,-0.0064806035,-0.0070548397,-0.004643145,-0.0037944957,-0.002131355,-0.003085184,0.0007108675,-2.8750557e-05,-0.0031418311,-0.0032344237,0.004519244,-0.0038281481,0.0010673511,-0.0026689367,-0.009398818
0.6,-0.0031241465,-0.0046193805,-0.0036995162,-0.0075352183,-0.00638986,-0.004400234,-0.005652605,-0.004478659,-0.004765848,-0.0015676614,-0.002990498,-0.003615971,-0.0073722177,-0.0019325493,-0.0025052095,-0.0061390256,-0.0049740616,-0.0030296487,-0.00829637,-0.0036434212,-0.0043373797,-0.0045420905,0.0005136552,0.0028055902,-0.0025238828,0.0032678503,-0.005306569,-0.005832638,-0.0020813912,0.0033179857,-0.0016277288
0.7,0.0005067907,-0.0033035544,-0.00050054723,-0.0014005705,-0.0034458335,-0.00012653365,-0.0037993635,-0.007994174,-0.0023641672,-0.0022984243,-0.0014513636,-0.0057664607,-0.0042834016,-0.0050549647,0.000107068365,-0.0046263607,-0.0046896148,-0.0037283958,-0.007783943,0.00018364671,-0.0008979056,-0.006719748,0.0014142079,-0.0034608706,-0.0071049924,-0.008735166,-0.0034187466,-0.006398271,-0.0045613796,-0.0036812527,-0.0058063692
0.8,0.0065009235,0.0056566535,0.002823056,0.0025487717,0.004492865,0.002807018,0.001986321,0.0029928817,0.002761509,0.00349796,0.0077497424,0.005640309,0.0024606606,0.0058678715,0.01112551,0.0032131851,0.0015811356,0.00059812807,0.00048102578,-0.0018338577,0.0007394567,-2.9997518e-05,0.0027817471,0.007513717,-0.0027694039,0.0036948062,8.98785e-05,0.005144323,-0.006749701,-0.0022834432,0.007216613
0.9,0.014639607,0.011052363,0.0067633144,0.0064289477,0.012786471,0.007801332,0.005882628,0.005715254,0.015153271,0.01623982,0.015293089,0.02184149,0.011921005,0.014090944,0.01644295,0.015407735,0.011721517,0.011722927,0.010008417,0.0015035456,0.013262711,0.009049623,-0.0069470913,0.011720406,0.0033431642,0.015355427,-0.0034649004,0.01241245,-0.0021019746,0.0030195531,0.028567996
1.0,-0.0013039594,0.0032200497,0.0032038905,0.003994212,0.0037034298,0.0030185713,0.003713885,0.006806667,0.0068723895,0.0009887978,0.0050200108,-0.0007037937,0.0019134113,0.0020473413,-0.00030918367,0.0021747649,0.0031603468,0.0035028106,0.0012706656,0.00035910535,0.0044676466,-0.0010331916,-0.0042655063,0.0023153126,0.0029938552,0.0012572893,-0.00022413569,-0.005498187,0.0008522548,-0.008466275,0.0028930414
1.1,0.0009845053,0.00063441397,0.0010595297,0.002725182,0.0028239002,0.008674059,0.0013215777,0.0025145574,0.0038641244,0.0028932686,0.0032639953,0.0036526504,-0.00037305724,-0.0039273635,-0.0021539077,-0.0033989553,0.0016673678,0.001696907,0.003221656,0.0036900302,0.002244168,0.005014349,-0.0032960046,0.0014265456,0.0012737443,0.000435358,0.0038790703,0.0035217968,-0.0020657477,0.001802279,0.009726774
1.2,-0.00029528784,-0.0010207684,0.0007652737,0.0011490504,0.0014989021,0.0044778474,-0.0004050429,0.00061590754,0.0017416099,-0.0009267306,0.00135865,0.0036957266,-0.0012139399,-0.0033613625,-0.0012079353,0.00040325557,0.00044243207,-0.00018666414,0.0043661282,0.005019287,0.00012422192,0.0005977208,0.002756255,-0.00095082197,0.0019384169,-0.0016241681,-0.002335066,0.0008720724,0.0052721235,-0.0020941226,-0.0013733021
1.3,-0.003359433,0.00012037913,-0.000106403546,0.0014838445,0.0011835704,0.00043318947,-0.0010198635,-0.0012415593,-0.0031837719,-0.0003799902,0.0028371238,0.0035198592,-0.0012470696,0.00015730053,0.00042083574,-0.0001568361,-0.0024210967,-0.0022432858,-0.0002281487,0.0007028243,-0.0010956901,-0.0007123397,0.0046113553,0.00060063665,-9.598441e-05,0.0037145913,0.0040311725,0.003728247,0.005746159,-0.005967419,-0.0017870113
1.4,0.0045064073,-0.00074651017,-0.00069650996,0.0010131994,0.001933778,-0.0013203566,0.0019020763,0.0008614126,0.0025553156,0.002025619,-0.0005833164,0.0028360651,0.0015383488,0.005291103,0.0011857951,0.0010772598,-0.0020386882,0.00078496675,-0.002820605,-0.0010695779,-0.00076218956,0.0011886517,0.00095394545,0.009447147,0.003926484,0.0053791422,0.0030224216,0.002912995,0.0067845904,0.001517815,-0.0031712984
1.5,-0.00029611675,0.00027990295,0.0016824238,-0.00024113533,3.3174427e-05,0.0011467073,0.0014991377,-0.0026552663,0.002039931,0.0016235138,-0.0018723939,0.0045699626,-0.0019126267,-7.022345e-06,0.0013237386,0.002378869,-5.8648824e-05,-0.0003337963,-0.002054712,-0.0017186849,-0.0016099466,-0.0016381077,0.0027575598,0.001798517,0.0028981634,0.0093131745,0.0013617247,0.0041468204,0.0025875366,0.0002776116,-0.003774056
1.6,-0.001428808,-0.0019404846,-0.0012319937,-0.0038896461,-6.6581655e-05,-0.0022947218,-0.0022081442,0.0038978062,-0.0033597422,-0.004782485,-0.0008189944,-0.00031044005,-0.0029335427,-0.0010583142,0.0016166631,-0.0037435603,0.00093664,0.0014400802,0.0038898126,-0.0002664272,0.00013758917,0.0022631912,-0.0001599778,-0.0019065548,-0.0039399453,-0.0034829543,-0.0028768596,-0.0011128276,0.001214831,-0.0071412944,-0.0031622623
1.7,-0.00033507613,-0.0012606677,-0.0025163225,-0.0012786313,-0.002655933,-0.0046699196,-0.0007633557,-0.0039129434,-0.00035823727,0.0006136503,0.0008920868,8.226581e-05,-0.0020799313,-0.0027676467,-0.0028680137,0.0038397473,0.001566565,-0.0011087274,-0.0012550632,0.0020204738,-0.0009921576,0.0061336816,0.0025537235,-0.000515635,0.002497838,0.002218257,-0.0016541568,0.00487928,-0.0055856085,0.0038631058,-0.0022583918
1.8,-0.0015085759,-0.0015596522,0.0008217681,-0.0014639894,-0.0033368818,-0.0022029178,0.00030251234,0.00022233956,-0.0051226276,0.000574828,0.004333421,-0.0003152173,0.0022551697,0.005304492,-0.0032187102,0.00474679,0.002224165,0.0024549083,0.0024343713,0.0045681335,0.0014536262,0.00022254915,0.0040462143,-0.0022310254,0.008835833,-0.00095121074,-0.0045747412,0.00085593935,-0.0008037809,0.0066091763,-0.0013575333
1.9,-0.0011108204,0.00011645239,0.0007602135,0.00032421338,0.0007090015,-0.00027908356,0.0016041354,0.0029631588,-0.0010248038,0.0012992145,0.00019134334,-0.00095844525,0.0024128843,0.0051959734,0.0019015445,0.001673237,0.003109304,0.0027233416,0.0067982427,0.0013308763,-0.0009412428,0.0003184196,-0.002656595,-0.010885925,0.0020130388,-0.00038937395,-0.002582559,0.00062892394,0.0025786855,0.0030932608,0.002779382
2.0,0.005619842,4.5587e-05,-0.0023392837,-0.0017472515,0.0033911248,-0.0028317894,0.0027691235,0.0021514478,0.0023253942,0.008526535,0.0035351713,0.0012843506,0.0056996066,0.006481156,0.009206236,0.006352253,0.0055654068,0.0051996303,-0.00012481942,-0.004097544,0.00097598066,0.00038175896,-0.0020699764,-0.006106011,6.954968e-05,0.0058161262,-0.0074311397,0.0088832965,0.0029997185,-0.0017526428,0.006721934
2.1,0.006056876,0.006180444,-0.00010765128,0.000744894,0.007299887,-0.0024937026,0.003870547,0.004172544,0.005027186,0.009778533,0.005222962,0.011033173,0.008587116,0.0068429476,0.0135467425,0.010152205,0.007039233,0.0087226,0.011742446,0.0031021987,0.0113260755,0.007339055,-0.01062066,0.0005167957,0.0049305162,0.016392643,0.0004136093,0.015334044,0.004627967,-0.005522626,0.014393006
2.2,-0.0034805834,-0.0025625662,-0.0016880386,-0.0037043535,-0.0008022391,-0.0038271917,-0.00088068895,-0.0027451704,0.00065688987,-0.0012080105,-0.00041526373,-0.009081222,-0.0026084364,-0.0004614149,-0.002939191,0.00035703022,4.2612035e-05,-0.001072337,-0.0013438695,0.0013699271,0.0022883567,-0.0034553898,-0.0025658675,-0.0121549675,-0.002309186,-0.0026896615,-0.0004934909,0.003624357,0.0006690627,0.00026610302,-0.0038871837
2.3,-0.00064477447,-0.0007903792,-0.0005159359,-0.003772083,-0.002582367,-0.0018442295,0.00040460753,0.0032117893,-0.0033700815,-0.0026648548,0.0010015008,-0.0031013237,-0.004706763,-0.0022623187,-0.0026121913,-0.00071814423,-0.0003321906,-5.5589084e-05,0.001913309,-0.0007577114,-0.0027021458,0.002199041,-0.0023853153,-0.012427026,-0.002240124,-0.0037200118,0.002209591,-0.0015098607,0.0005879642,-0.0005745506,-0.0026817573
2.4,0.00085238775,-0.0029472027,0.004114178,-0.005776014,-0.0035270816,-0.0038465483,-0.0014900673,-6.900616e-05,-0.0019362709,-0.0035907782,-0.0002757441,-0.010322253,-0.0035088651,-0.0045710783,-0.002656385,0.0010514535,0.00086717785,0.0019778195,-0.0012280778,0.0011357123,-0.0022640913,-3.172035e-05,-0.0009998111,-0.0061427974,0.0006264348,-0.0006600385,-0.0077672033,0.0016484988,0.0016785745,0.00014477971,-0.0015213338
2.5,0.0036042843,0.0018399846,0.0038028697,0.0012832031,-0.00037865405,0.00022064033,0.0008948386,0.0021904246,0.0014403061,0.0030936755,0.0044510732,-0.003744066,0.00037802669,-0.0022110087,-0.0011985948,0.0016429994,0.005898972,0.004761288,0.008524813,0.0017602551,0.0032368365,0.001886398,0.0022787303,-0.000553225,0.011497157,-0.0013168247,-0.0013419178,0.0027077857,0.003324833,0.0011350448,0.005068337
2.6,0.0015807559,-0.0016756137,0.0028458617,-0.0016194341,-0.0009444817,-0.0015904777,2.2857133e-05,0.0020234862,0.00015920184,-0.0015612044,0.004468972,-0.010846698,-0.0018629322,-0.0036620125,-0.0038503963,-9.166874e-05,0.0029893487,-0.0032863882,-0.00013276782,-0.0024451737,-0.0016292738,-0.0039779143,-0.0077211875,-0.010333772,-0.0023880024,-0.0049121645,-0.0019268756,-2.9784136e-05,0.0069239396,0.004076322,-0.0042415387
2.7,0.00044028557,-0.0011596155,0.00028621513,-0.0019603677,-0.001577473,-0.00068165106,-0.0005163535,-0.0007596193,-0.0037648387,-0.0023207814,0.005401199,-0.0069981804,-0.003323688,8.801339e-06,-0.0044249156,-0.0014573159,0.00092280254,-0.0043070633,-0.008076857,-0.0059475983,-0.0030678299,-0.0045423945,-0.0027964,-0.0060853856,-0.0009445295,-0.0011093995,0.0004969478,-0.0047158217,-0.0064464053,-0.007081731,-0.013594291
2.8,0.0031662942,0.0021327108,-0.0012311618,-0.0015893248,-0.00051519304,0.0006338508,-0.00031695224,0.0013545064,-0.0010839909,-0.0038888461,0.00026054148,-0.007757925,-0.0041078143,-0.00018520265,-0.005806772,-0.0029038573,0.0016517891,-0.00016921073,0.0020099655,-0.0014251741,-0.0035367059,-3.5470039e-06,-0.002007852,0.00032822063,0.0003518453,-0.0029923974,0.0005065709,-0.00029323192,-0.0012224468,-0.008053723,-0.001249898
2.9,0.0011940316,0.00059103576,0.0018943297,0.00046901216,-0.0014952936,0.000669452,0.0010033918,0.002745048,-0.0012945589,0.00065182685,0.0034874664,-0.00059602223,-0.003954372,-0.0019408825,-0.003691437,-0.00052829,0.002441074,-0.0009890842,-0.0015523925,-0.0047578085,0.0021729043,0.0038243795,-0.0037567688,-0.008520076,-0.0007997725,-0.0046293037,-0.0039240094,-0.00504717,0.0033059993,-0.0032560502,0.0013468141
3.0,-0.0024698076,-0.0004517592,-0.00032572655,0.0021796883,-0.0029844178,-0.0018854323,-0.0001521632,0.0037242488,-0.0029551096,1.0411796e-05,0.0013619452,-0.0032133867,-0.006107799,-0.0012303148,-0.00053352566,-0.0011890869,0.00012508694,-0.00066096033,-0.0016952675,-0.0017107668,0.0010569505,0.0017946826,-0.0057213646,-0.008452575,0.0045849136,-0.005655137,-0.005926282,-0.006954064,-0.0015517808,-0.005527106,-0.0020441844
3.1,0.005879741,0.0028070058,0.0024093646,0.0030846645,0.0024795847,0.0010652976,0.0035321163,0.0058552893,-0.0002929526,0.0035288725,0.0039491616,0.0006753731,0.003153942,0.0070753405,0.007713333,0.00081268034,0.0007733397,-0.0012332574,-0.0016470865,-0.0024298772,-0.00090922945,0.002516954,-0.0057112277,-0.0029626468,-0.00015295077,0.0026381665,-0.0014865455,0.0016768647,-0.0028523416,-0.0034257798,-0.0015933564
3.2,0.0077424585,0.0025748373,-0.0017263716,0.001119137,0.004794345,-0.0008810676,0.004558075,0.0015038563,0.0065119653,0.011044253,0.006911127,0.0056816847,0.006193936,0.0048399875,0.008294166,0.007849625,0.0018083082,0.0024553447,0.0025363266,-0.0010630995,0.005324599,0.0018104921,-0.007957943,-0.0018774471,-0.001675045,0.007122923,-0.0067112707,0.0113942055,0.0020612194,0.00019740293,0.0074516386
3.3,-0.0010702031,-0.002722581,9.974899e-05,-0.0020605577,-0.0051149144,-0.0015674488,-0.0015249698,-0.0017848449,-0.0048730215,-0.004478364,-0.00016116277,-0.0038984763,-0.0033650128,0.0036897273,-0.0030598373,0.001231663,-0.0051295725,-0.0020094975,0.00018595345,0.0009920162,-0.0011924963,-0.0027726423,-0.0050833602,-0.013007395,0.00034823612,-0.003511412,-0.0044842088,0.0020603354,-0.002619132,-0.001199001,0.00043178134
3.4,-0.0041668043,-0.004267753,5.6286437e-05,0.00034387258,-0.0021668137,-0.002618867,-0.0036839894,0.00027902756,-0.00101009,-0.0037900552,0.0018869224,-0.008159457,9.093215e-05,-0.00673265,-5.5004424e-05,-0.0012474769,-0.002724696,0.0063825347,0.0054840078,-0.0013021731,-0.0020203302,-0.0014997745,-0.0040100836,-0.005982437,0.0009999351,-0.010213703,-0.002745779,0.0012469448,0.00067781063,0.0044343183,-0.00023626607
3.5,-0.004238729,-0.0043204576,-0.0016220475,-0.0043653203,-0.00260006,-0.0042575803,-0.0044495217,0.0010461236,-0.0019963859,-0.0074325697,0.0003101934,-0.006144268,-0.006628806,-0.005650928,-0.0061715655,-0.0042922697,5.8557183e-05,0.002122421,-0.00020557916,-0.0031832696,-0.0017336577,0.0026793054,-0.0031063193,-0.010256805,-0.0038157704,-0.010284531,-0.0020194636,-0.0070249788,-0.0018414919,-0.0001435498,-0.003878059
3.6,-0.00403864,-0.004098842,-0.00022951279,-0.0027552259,-0.0037789745,-0.00036366755,0.0002633287,-0.0018025561,-0.0017831667,-0.0016039816,-0.0011706768,-0.003460751,-0.005985393,-0.008052383,-0.0014666982,-0.0030773762,0.0013135504,0.0039851354,0.006370304,-0.001111868,-0.00094686216,0.00041945855,-0.004555052,-0.006741381,-7.637784e-05,-0.0071771285,-0.0041075973,-0.0016472578,-0.008421483,0.0027121599,-0.0035942208
3.7,-0.0058106855,-0.004423841,0.00028108558,-0.0031047154,-0.002197893,0.0010544056,-0.00096718327,-0.000988455,-0.0017964224,-0.00019160933,-0.006349229,-0.0066667693,-0.006356794,-0.004351045,-0.0096993735,-0.0055776304,-0.0050455397,-0.0023000967,-0.0066178823,-0.004573442,-0.0024279892,8.411466e-06,-0.008384082,-0.0035162289,-0.0015022926,-0.010007723,0.001671815,-0.0028405734,-0.0070060673,-0.0028055462,-0.008744148
3.8,-0.0043092514,-0.005716843,-0.001659618,0.00023414685,-0.0044532884,0.00072167127,-0.00063165504,-0.0014020017,-0.007930664,-0.0059611974,-0.0031206564,-0.012127324,-0.005557585,-0.0048318417,-0.009215922,-0.0020386956,-0.005508041,-0.0068844943,-0.0043173586,-0.0067177266,-0.007810059,-0.0017248573,-0.007068129,-0.0012168986,0.00025712897,-0.010544265,-0.00051600725,0.00045243523,0.0018388161,-0.0017340182,-0.0077702925
3.9,-0.0008145761,-0.0043415637,0.00084817834,-0.00064640207,-0.000781054,-0.0010481194,-0.0010803805,0.0005645513,-0.005142047,-0.005171757,-0.0050080284,-0.004876921,-0.0069507738,-0.0060473625,-0.004360052,-0.007928086,-0.008941472,-0.0060990043,-0.0060289153,-0.0029082946,-0.0081863,-0.0028620267,-0.0016835808,-0.005579126,-0.0024407743,-0.017088547,-0.0051885685,-0.0050079897,0.0041853213,-0.0011081622,-0.008064052
4.0,-0.0056772926,-0.0053363787,0.0036838502,0.0024149455,-0.0034475795,-0.0042549665,-0.0022299853,0.0030119412,-0.006330759,-0.010843442,-0.007008783,-0.00915782,-0.0094917305,-0.005087361,-0.008549815,-0.01326425,-0.015905652,-0.004350348,-0.012803901,-0.005979091,-0.01098074,-0.0053528342,-0.0060618944,-0.0064754826,-0.0042207777,-0.01601149,-0.0015903449,-0.0007654346,0.007156223,-0.0031609945,-0.010415728
4.1,-0.002785691,-0.0046249023,0.00445259,0.0031859647,0.0030920892,0.0042471862,-0.0034397445,0.0054488513,-0.004970186,-0.010732948,-0.007035069,-0.0026942051,-0.0036836676,0.00029119325,-0.0052857003,-0.0055662477,-0.015932593,-0.0012336065,-0.012860031,-0.0072737955,-0.008405711,-0.0025025632,0.006908151,-0.0047762534,0.0019304181,-0.018799895,-0.006015787,0.003866708,0.009321183,0.00310556,-0.0024602856
4.2,0.0039212517,-0.0013812309,0.0036767798,0.007974056,0.004585404,0.0011091767,-0.0015938315,0.0012283832,-0.0018695281,-0.0010532057,-0.002479675,0.005147848,0.00028604834,0.007821207,0.0010677432,-0.0023070981,-0.011568389,0.0021794937,-0.0075843497,-0.0053099184,-0.00769665,-0.0037613441,-0.0029742424,-0.004359013,-0.0037898235,-0.004730758,-0.009520581,0.010810755,0.017512647,0.0019000581,0.0033332387
4.3,0.0021492057,-0.00016952473,0.00086938974,0.0054133967,0.0061972155,0.00063559355,9.795914e-06,0.0043302896,0.0029144806,0.00090017647,-0.0021226006,0.008155894,0.0012747067,0.006513927,-0.0010480246,-0.0043940176,-0.008146505,-0.0018224842,-0.0060571763,-0.0056872894,-0.003659225,-0.002708695,-0.011832035,0.0023288843,-0.008312991,-0.0049007814,-0.01047178,0.008703173,0.004882686,-0.0031616974,-0.0015891928
4.4,0.00062328624,-0.004856887,0.0055031083,0.0043054284,-0.0004836482,0.0062618908,-0.0019301579,0.0033917814,-0.010371715,-0.011723924,-0.011400619,-0.0067365654,-0.0049227164,-0.0024759853,-0.0037601925,-0.011308708,-0.0207078,-0.005281225,-0.020121146,-0.0033829326,-0.011327778,-0.008553245,0.009074977,-0.0078047942,-0.0011761992,-0.011558534,-0.0026784167,0.0010557413,0.010818726,-0.005366162,-0.010889855
4.5,-0.004213479,-0.006186027,0.0021791584,0.004255921,0.0030681107,-0.009189094,-0.0025520895,0.0027031905,-0.010945094,-0.0131563945,-0.007747945,-0.008392975,-0.0049874936,0.0025598789,-0.008420174,-0.010700219,-0.017410727,-0.005510388,-0.017621715,-0.009213109,-0.0135641135,-0.003819819,0.0032212345,-0.0065986994,-0.0037030082,-0.01358364,-0.00013874176,-0.007850691,0.009327975,-0.0007902267,-0.0058247074
4.6,-0.0030026776,-0.0068927174,0.002623142,0.0049366127,-0.0007469484,-0.0022095153,-0.006597004,0.0031351226,-0.010794375,-0.013358738,-0.009151154,-0.0064940597,-0.005660287,8.426814e-06,-0.0058660144,-0.00787882,-0.020740239,-0.004893672,-0.014797283,-0.00805868,-0.0142846685,-0.006383188,0.00081654923,-0.0009721617,-0.0033040487,-0.013566023,-0.0066270917,0.0052538863,0.012376579,-0.0094444165,-0.002719053
4.7,0.0008597206,-0.0050769686,0.0062215226,0.007041583,-0.0021572688,-0.00038613615,-0.003453749,0.0008622093,-0.015376897,-0.014721554,-0.009260493,-0.007820677,-0.0046545407,-0.0031629577,-0.004943566,-0.0031284674,-0.016659014,-0.0009695365,-0.010768129,-0.0054789884,-0.013359773,-2.1282023e-05,0.0062784767,-0.0041520447,0.0029157214,-0.021761848,-0.0072469916,0.005324446,0.009741599,-0.0014747677,-0.00037995694
4.8,-0.0031028497,-0.0045320718,0.0016198293,0.0037547096,-0.00011116343,-0.0049109748,-0.002949949,-0.0033738865,-0.007456439,-0.015172893,-0.0075410996,-0.015218365,-0.007155044,-0.0028671767,-0.0047016675,-0.009673442,-0.014973503,-0.009935262,-0.016978875,-0.010354759,-0.012819974,-0.006114325,-0.0014619804,-0.012422026,-0.00046431483,-0.015107077,-0.0014513229,0.006080928,0.0061994046,-0.0018033333,-0.012574369
4.9,-0.0029832935,-0.0057500363,0.0043477807,0.009292854,0.0036191551,0.0016624269,-0.0018105026,0.006774309,-0.008118697,-0.0134451,-0.011943944,-0.010505004,-0.0064455466,0.00036918808,-0.011239497,-0.012039104,-0.019530425,-0.0028740517,-0.015952354,-0.0079243425,-0.013165564,-0.0008985067,-0.0030279362,-0.0089616915,-0.0053177704,-0.019796368,-0.004393863,0.0040876954,0.019953217,-0.0049957787,-0.0035534701
5.0,-0.0027175918,-0.0052560647,0.0038537493,0.0042201295,0.0006264728,-0.003106952,-0.002715137,-0.0024454289,-0.0047002323,-0.009647135,-0.008214134,-0.010118371,-0.004186628,0.00220408,-0.009861706,-0.0108739985,-0.014385365,-0.0017725675,-0.0070779086,-0.0050889305,-0.006376441,-0.0021577945,0.0024628956,-0.0024066537,-0.004834239,-0.011987387,-0.0036159747,0.008639881,0.007867893,-0.008309811,-0.00201433
5.1,-0.008543261,-0.011601186,-0.00057333143,-0.001971536,-0.0028808205,-0.0032575724,-0.0043267463,-0.0054942016,-0.009308933,-0.012367681,-0.012204635,-0.012212667,-0.009985972,-0.0031589316,-0.012560382,-0.012640034,-0.021009933,-0.01316449,-0.021536257,-0.009548999,-0.013551853,-0.0065853675,0.0016760536,-0.0028305906,-0.0056438637,-0.013728548,-0.002495857,-0.0030184805,-0.001400596,-0.007814064,-0.014655495
5.2,-0.0063968617,-0.009188756,0.0004419733,-0.0033204441,-0.003176946,-0.003003696,-0.0038676446,-0.0018727266,-0.011036028,-0.012425228,-0.0056389743,-0.011758504,-0.0022551697,-0.0031247563,-0.012309316,-0.010405402,-0.011656362,-0.005921154,-0.0114879,-0.0040761293,-0.005657248,-0.006172091,0.0040614693,0.0025737998,-0.00066428236,-0.014653198,0.0028377129,0.0022827412,0.004655754,-0.0010027401,-0.010056501
5.3,-0.00516674,-0.007832559,0.00012567402,-0.0022485936,-0.004466442,-0.005654492,-0.0059640426,-0.003031307,-0.008773864,-0.007692945,-0.004532104,-0.0058185244,-0.009349273,-0.012129275,-0.0100038005,-0.01203476,-0.008964381,-0.0071643596,-0.011819869,-0.008597294,-0.0026468036,-0.004161649,0.0020201965,0.0007238533,0.0016455863,0.00235377,0.0045042024,0.006017548,0.0014161364,0.00077775173,-0.010014865
5.4,0.0064362674,0.0036036433,0.0063471966,0.0005503268,0.0062536704,0.0009922279,5.3043063e-05,-0.0005347058,0.0039074705,0.0070261867,-0.00012641391,0.009733843,0.0026514176,0.008768475,0.0050727744,-0.00178602,-0.005753908,0.0065838597,-0.003809936,-0.0039803917,0.002811468,0.004406088,-0.0045530447,0.004129634,0.0023556175,0.0066067996,-0.004696759,0.020269878,0.012080694,0.0017659084,0.012259347
5.5,0.00072071655,-0.006154061,-0.001394545,-0.0076271133,-0.0034750502,-0.0027210026,-0.0050237076,-0.0038295968,-0.00042358827,-0.0046220305,-0.0049997903,-0.0044639725,-0.0048903716,-0.00985675,-0.0008853464,-0.0040808665,-0.0012387731,0.004996909,0.00817734,-0.0039901095,0.00028437367,0.0016983055,-0.014494852,-0.0015280653,0.0017370837,0.0011712838,-0.0044952333,0.009882129,-0.002479165,-0.0023087445,0.009456579
5.6,-0.010134028,-0.011637692,0.00039476756,-0.0042612767,-0.0065158065,-0.0021992458,-0.010133547,-0.0046633086,-0.0058791344,-0.012801748,-0.004876522,-0.0058628963,-0.01051718,-0.011693609,-0.0103052,-0.0074556665,-0.0035300176,-0.001300453,0.0029401253,-0.008581547,-0.0029780904,-0.00413155,-0.009388911,-0.017722843,0.003870103,-0.018269949,-0.0013175328,0.0063289516,0.005160459,-0.0034803357,0.003926783
5.7,-0.007622966,-0.009145746,-0.00093766826,-0.0054951035,-0.004351088,-0.0022641618,-0.010168014,-0.0040426822,-0.008647139,-0.013745508,-0.0077170157,-0.013333701,-0.006189751,-0.007688719,-0.009089568,-0.010401579,-0.008186276,-0.0038978683,-0.0067293565,-0.0074138925,-0.00033341534,-0.0028910108,-0.009362114,-0.012336132,-0.0035817598,-0.011039699,-0.008146057,0.0017734858,0.006501363,-0.0068972423,-0.0007747082
5.8,-0.009546641,-0.012003371,-0.00023505825,-0.008889416,-0.0045506,-0.00244889,-0.012173128,-0.008432602,-0.004597566,-0.011775822,-0.009852647,-0.00894916,-0.012866507,-0.012246502,-0.011070678,-0.0109861735,-0.0046505765,-0.0027371298,-0.0024630248,-0.010037314,-0.00012762759,-0.0014518393,-0.0014602742,-0.008277125,-0.0010370023,-0.010441455,-0.007443566,9.945774e-05,0.0018093819,0.0016952755,-0.0027377452
5.9,-0.012219343,-0.012743622,-0.0036795523,-0.007811165,-0.008354368,-0.0036805547,-0.012001011,-0.0056542153,-0.006362241,-0.012739438,-0.0067537087,-0.012934193,-0.011523972,-0.01507529,-0.014779845,-0.012116262,-0.0075141056,0.0016928928,-0.001776518,-0.008489679,-0.0020576222,0.0021314453,-0.0039845915,-0.013658479,0.0031152014,-0.013991263,-0.0048326044,0.0107411705,0.0011905426,0.008271332,0.0023980075
6.0,-0.0076200967,-0.009385216,-4.6720514e-05,-0.0059146085,-0.008066973,-0.0024152803,-0.008438418,-0.0050631277,-0.005696404,-0.014203708,-0.007896377,-0.011763039,-0.010417617,-0.013971752,-0.014621837,-0.01410404,-0.010734842,0.0025906956,-0.0005055579,-0.0065013277,0.0020955105,-0.0010263002,-0.00385402,-0.011398167,0.005309869,-0.021544214,-0.005536217,0.0033020503,0.014495432,0.004165931,0.0024939491
6.1,-0.009774531,-0.010173141,0.00073664525,-0.0029977981,-0.00720339,-0.0072116093,-0.006225485,-0.0017179224,-0.00634196,-0.0104709575,-0.008089966,-0.007856304,-0.011547773,-0.0049064658,-0.011223843,-0.009813421,-0.008305315,-0.0006538917,-0.0037430124,-0.008371267,0.0047466564,-0.0009571843,-0.0018329201,-0.010502257,-0.0018522845,-0.010054159,-0.007838863,-0.003274748,0.0014326031,0.004400583,0.0038844375
6.2,-0.015352353,-0.015101691,-0.005088793,-0.008108927,-0.008654451,0.0003354729,-0.011426245,-0.00632344,-0.00022249816,-0.012108677,-0.011814309,-0.010370431,-0.011272797,-0.015854208,-0.015223167,-0.009697337,-0.009445576,0.001619414,0.004773165,-0.0049487436,0.009119625,0.0043876437,-0.011525528,-0.015379137,-0.0015633558,-0.018616501,-0.009509837,0.0043401513,0.0059126783,-0.0036144853,0.0100355055
6.3,-0.006996428,-0.01067601,0.00044855854,-0.0071498062,-0.0077253343,-0.0058009424,-0.0079716975,-0.011260138,-0.0003864721,-0.008454943,-0.008574578,-0.018466325,-0.008631755,-0.005421438,-0.008370705,-0.0063100248,-0.004764484,-0.0018975339,-0.0020029985,-0.0034271122,0.011741142,-0.006800924,-0.0056333467,-0.011029231,0.001918225,-0.004568594,0.0003863281,0.0005511838,-0.0021536388,-0.0027891179,-0.0033403256
6.4,-0.003281323,-0.009133291,0.00022881961,-0.0050347126,-0.006944513,-0.007350342,-0.005003027,-0.007282111,-0.0036720482,-0.00868828,-0.00765965,-0.014578376,-0.0062839086,-0.008232435,-0.0076824576,-0.0071214885,-0.0026707207,-0.00096508587,-0.0018954496,-0.005528747,0.0107596265,-0.002303931,-0.0044223727,-0.008564362,0.0029086007,-0.0021168934,-0.0031750842,-0.0024110968,0.0029975574,-0.0029874872,-0.001300305
6.5,-0.00085347175,-0.006084975,0.0036499535,-0.0035757523,-0.005839397,-0.0056775208,-0.0058019385,-0.0027193085,-0.0021386866,-0.005356506,-0.004801557,-0.012416388,-0.004749396,-0.006332751,-0.0069401576,-0.004271937,-0.0019682178,-0.0023415484,-0.0015088234,-0.0021431148,0.013825583,-0.00092515995,0.003976864,-0.0048484867,-0.0010962122,-0.00963696,-0.00053833675,0.0077348338,0.003007952,-0.00022973238,-0.0019898794
6.6,-0.0015622008,-0.0025838565,-0.0021611357,-0.0058453768,-0.00045233621,-0.0053142267,-0.0071153166,-0.003090998,0.005990152,0.0024236885,-0.0039064,0.0022781799,0.0015098399,-0.0052450364,0.0017299583,0.0095423255,0.011330219,0.011904703,0.010860467,-0.0037074862,0.018859252,0.007500393,-0.016924126,-0.0033145286,0.0044487407,0.0064224117,-0.01021401,0.008744303,-0.0034996888,-0.0005700701,0.02744478
6.7,-0.004501434,-0.010559863,-0.0064658695,-0.009823391,-0.006063936,-3.2178013e-05,-0.0089244405,-0.0017445198,0.0065222383,-0.0057691843,-0.0016190418,-0.002972176,-0.0012793273,-0.015498971,-0.0032942116,0.0024363901,0.009438612,0.009402846,0.026617054,-0.0036820222,0.025528155,0.013514895,-0.015130247,-0.008140962,0.006632191,0.00012665946,-0.004986388,0.0020598923,-0.008171704,0.0020307815,0.029522097
6.8,-0.0009408912,-0.008918179,0.0017346204,-0.0028719401,-0.00939395,-0.0048457473,-0.0026341577,-0.0069916844,-0.008435643,-0.0064919568,-0.0028277626,-0.013875391,-0.004054022,-0.007174215,-0.004047409,-3.128033e-05,0.005676656,-0.00024923458,-0.0050170147,0.00041642186,0.016212279,-0.0007276425,0.0026870049,0.0015949416,0.0010237362,-0.0033343418,0.004514293,0.0016221717,0.0066638687,0.0052217334,-0.009204366
6.9,-0.006228718,-0.009983921,0.0035385592,-0.008583556,-0.011292924,-0.012204927,-0.0060154167,-0.011343853,-0.009260948,-0.0076796277,-0.004473465,-0.016900523,-0.010089459,-0.009971918,-0.008979732,-0.0013738148,0.004111191,-0.0014751615,0.00021166312,-0.0014757422,0.014417489,-0.002418043,0.0009875669,-0.0095395595,-0.0028441234,-0.00449885,-0.0003254125,0.00095202867,0.0022576877,0.004143792,-0.009552963
7.0,-0.0076570157,-0.013554494,-0.002899306,-0.013370014,-0.01006838,-0.009916678,-0.0058536753,-0.0103652645,-0.005993333,-0.00446093,-0.0060730353,-0.015874548,-0.009618582,-0.0066601792,-0.0062820935,-0.0026484013,0.0025268479,-0.0050372262,0.0020718847,-0.0034200938,0.015852725,-0.0046694786,0.0015157746,-0.0056116264,0.0010224681,-0.006319783,-0.0016551845,-0.010352204,0.000271186,-0.0005461745,-0.008737327
7.1,-0.0094542485,-0.008141114,-0.002899722,-0.011034358,-0.009953142,-0.010821584,-0.009017538,-0.010276524,-0.008157272,-0.0042389734,-0.0061414097,-0.011205883,-0.008459045,-0.009011354,-0.00481159,0.0013819824,0.012988698,-0.0058017727,-0.00020145776,-0.003547414,0.021905372,-0.0029462427,-0.0061020395,-0.012426937,-0.002430337,-0.0022973062,-0.00046350027,-0.007722867,-0.0073552644,-0.008024908,-0.013244277
7.2,-0.0040398515,-0.005356074,-0.003623474,-0.011865792,-0.010647361,-0.009597699,-0.007680142,-0.014533886,-0.008030215,-0.004230095,-0.0054675518,-0.01588062,-0.0077473675,-0.010879859,-0.0035185535,-0.00056712975,0.0050734896,-0.008051691,-0.00054049166,-0.005019107,0.020563792,-0.0017636716,-0.007131357,-0.017897757,0.0007191027,-0.010620513,0.0006144812,0.0012073213,-0.0028862013,-0.0047741286,-0.00847909
7.3,-0.005221768,-0.0039984034,0.00076284754,-0.0058263703,-0.009932889,-0.006801884,-0.0036247058,-0.010073674,-0.0054768883,-0.0050294627,-0.005346455,-0.009207292,-0.0026851576,-0.007980567,-0.004015496,-0.0019423347,0.00871943,0.0010616904,0.0039728293,0.0024081925,0.022452408,0.001027719,-0.0013243834,-0.0017353015,0.007094262,0.0005315722,0.00266543,-0.0010715198,0.0011287924,0.006140048,0.0014478938
7.4,-0.0008379773,-0.006327942,0.0017552079,-0.00754188,-0.009725462,-0.00912897,-0.0042115175,-0.0011401951,-0.0031187523,0.0007293907,-0.004798412,-0.004484701,-0.0021242204,-0.0053551467,-0.0004158196,-0.0005703447,0.006385757,0.0029312116,0.009976722,0.008751878,0.023447886,0.0048379106,0.0005259998,-0.005017508,0.0062325485,-0.006030327,-0.0044984096,-0.004847191,-0.0004917369,0.0012106852,0.003635326
7.5,-0.004877637,-0.00603135,-0.0023538405,-0.008376056,-0.013282109,-0.0074842195,-0.0047478257,-0.0074397954,-0.008113528,-0.0032488033,-0.0053316266,-0.0097861495,-0.007457047,-0.00991836,0.001482179,-0.001394842,0.007666226,-0.0016717741,0.0052829427,-0.0037765899,0.021267233,0.0049230387,-0.00505556,-0.0052283155,0.0044112834,-0.0032627007,-0.0015649324,0.0002997915,-0.006262493,0.00080191094,0.0014303531
7.6,-0.0055285967,-0.0030290505,0.000535345,-0.0058451155,-0.008793085,-0.009183368,-0.0025971509,-0.008905349,-0.004398597,-0.000567564,0.00078237336,-0.004302113,-0.0024993701,-0.0076318844,0.001332733,-0.0010319033,0.010506845,0.005959028,0.013954458,-0.00059421995,0.02639592,0.0075303903,-0.0068507437,-0.008551058,0.0088202255,-0.0011596297,0.0014385232,0.00517393,0.00046868352,0.0029595504,0.005150813
7.7,0.0028493267,0.003236002,-0.00036253454,-0.00042146433,0.004393458,-0.004651123,0.0033168965,-0.004968505,0.007053397,0.009498464,0.0025033401,0.00893499,0.0026728648,0.00421968,0.0070660794,0.00858393,0.014886538,0.007604011,0.008562788,-0.00018175716,0.026188431,0.002144721,-0.0037166236,0.00030652378,0.0139803635,0.003670414,-0.0019368724,0.012404206,0.0032333399,0.0033735079,0.01325978
7.8,-0.00051278446,0.0024226147,-0.002754708,-0.002405214,-0.00076638744,0.0034615947,-0.0043036714,0.0051074363,0.014159155,0.0021485428,0.0027675512,0.013698957,0.0045665726,-0.011352229,0.004765407,0.010601426,0.010663455,0.0172293,0.030632962,0.00065864477,0.027629968,0.0184656,-0.030474668,-0.009908406,0.008960984,0.008332964,-0.008759977,0.02031482,0.005090475,0.0043580625,0.04635599
7.9,0.002673085,0.0005241585,0.0030013425,0.00025119353,-0.004615436,-0.0023736418,-0.00016551466,0.00032842273,-0.0010573468,0.0040485747,0.00072351,0.0001844503,-0.0017706051,-0.0012216071,-0.0023917411,0.0025877522,0.0046514017,0.003017344,0.0028251188,0.002125119,0.02067039,0.0023462924,0.0049054176,-0.0043000835,0.008260512,0.005836634,0.006995014,0.011616434,0.0052819005,0.0031141695,0.00077648
8.0,-0.000103296545,-0.00023517493,0.0053971205,0.003393072,-0.0019933756,0.001086148,-0.0009134871,-0.0027792444,-0.0012366974,-0.001620366,0.0035735148,-0.0013960897,-0.0021494164,-0.0018840483,0.0022121985,0.0005547045,0.0036718745,0.006049698,0.005082368,0.004789751,0.018582968,0.006868317,0.003982183,-0.00419776,0.0072129746,0.00018845337,-0.001280068,0.00516152,0.015046655,0.007458088,0.0039966796
8.1,-0.0013074664,0.0040723365,0.0037512276,0.0035199097,0.0031322478,0.0030279073,-0.0019144119,-0.0016304085,-0.0015119535,-0.00042115312,0.0051938295,0.00034185653,0.0012346023,-0.0029789724,0.0017929194,0.001281364,0.004079484,0.0059340694,0.007722024,0.0034058772,0.019301394,0.007168292,0.00011280744,-0.004588482,0.009674428,-0.0020675666,0.0062244134,0.007170531,0.013267428,0.010992101,0.0059955064
8.2,0.0037334687,0.002579132,0.0091152135,0.007832849,0.006559108,-4.742678e-05,0.0015929608,0.0013268671,0.00019751104,-0.0009911384,0.0048311385,0.003985762,0.0029467947,0.0061189905,0.0012154594,0.0026073025,5.113444e-05,0.0055657155,-0.0018463854,0.006117028,0.013821412,0.0011667616,0.011202461,0.0033315823,0.01077347,-0.0028076482,0.010316314,0.011994055,0.016458366,0.006568413,-0.00020198224
8.3,-0.0015731043,-0.0013641741,0.002934589,0.004042544,0.0030326082,0.009095174,0.0031084975,0.00018532382,-0.0009887482,0.004593539,0.0014461962,0.0038653594,0.001527451,0.0057167504,0.0028098093,0.00011269608,-0.0020513341,0.005184795,0.007336379,-0.00019750345,0.014040481,0.00834914,0.0024701215,-0.0008648382,0.007437426,0.0005769239,0.004384894,0.012301735,0.01459979,0.0067785545,0.008341069
8.4,-5.3816224e-05,0.0012693187,0.0023340154,0.0038227658,0.0027499853,-0.00058953604,2.1478449e-05,-0.0015186258,-0.0041627767,0.00058556267,0.0004551051,-0.002100612,0.0027326725,0.0065740384,0.0014740494,-0.0019762218,-0.00043143542,0.0043869996,0.004542073,0.0051990645,0.011963107,-0.00046364407,0.0053019496,0.0056982352,0.0013342223,0.0030670199,0.009679317,0.01113058,0.008813494,0.0062696296,0.0011033723
8.5,-0.0022347122,-0.0010542071,0.00427465,0.0034002564,-0.0010545976,-0.0011776405,-0.0007685802,-0.00177173,-0.0050971103,-0.00043527765,-0.0038977126,-0.0012266188,0.00025579572,0.005864407,0.0005536766,-0.0028744016,-0.0042196913,0.008461846,0.00024051289,0.008800915,0.013011032,0.0018295445,0.0071339663,0.0070565655,0.0047911243,-0.006130336,0.006014105,0.0111190565,0.013186638,0.0039766105,0.006103407
8.6,-0.005769686,-0.004257875,-0.00017031499,-0.0018893725,-0.0045405896,-0.0108785955,0.0012478543,-0.009296404,-0.014657174,-0.00040751285,-0.0037687523,-0.007905128,-0.001527451,0.0029003222,-0.0064031724,-0.0033902663,-0.0034983107,0.00076995685,-0.0020091806,0.0017341613,0.013808045,0.00027919988,0.014649411,0.010951194,0.0017298653,-0.012961184,0.00926496,-0.0019562682,0.0015488992,0.0007843406,-0.006796348
8.7,-0.0046221376,-0.008428686,-0.001119906,-0.0031271179,-0.006196284,-0.0073679555,-0.0015710469,-0.009015109,-0.00911858,0.0009978375,-0.0026258598,-0.009243081,-0.00026364223,0.0031719464,-0.0013141388,-0.0037545084,-0.0016217316,-0.0018637616,-0.0015300192,0.007825635,0.0108784,-0.0022798113,0.008203028,0.0047313417,0.0028723138,-0.008861103,0.007874086,-0.0016781943,0.008499391,0.0009985232,-0.0027965682
8.8,0.0009957914,-0.004444395,-2.564776e-06,-0.0018542995,0.00016016846,-0.0006827714,-0.0003057051,-0.0023678427,0.002841839,0.0065329582,0.0007155717,-0.0012200603,0.0042005773,0.003466323,0.0031827325,0.002459416,0.0017258333,0.0065775765,0.005940109,0.007803681,0.015550386,0.0006693703,0.0010140626,0.0087825805,0.0023313286,0.006824343,0.00307633,0.0073959506,0.016487595,0.012745886,0.010692214
8.9,-0.008492697,-0.00478234,0.004626163,0.0016638469,-0.008240644,-0.00623519,-0.0007825847,-0.00470823,-0.009306813,-0.002816512,-0.0006541621,-0.014410605,-0.0020291035,0.00025018275,-0.0036657508,-0.0022083044,0.0028678358,-0.004487095,0.004245136,0.013767745,0.01387752,-0.0061870893,0.013669973,0.00022839729,0.00258319,-0.0046469206,0.0096241,0.0067961016,0.0021632102,0.0048133107,-0.009557481
9.0,-0.004210992,-0.0044683237,0.004856923,0.0055796183,-0.0035086903,-0.005106221,-0.00063325145,-0.0016207867,-0.012150308,-0.005794124,-0.0022889306,-0.011786844,-0.0008324259,0.005100376,-0.0048269844,0.0038216743,0.0049050576,-0.0010882196,-0.0049889497,0.013667689,0.012262209,-0.0044699344,0.016818143,-0.0043920493,0.003356528,-0.007228352,0.011822854,-0.002014684,0.016267147,0.0051475866,-0.01086319
9.1,-0.009469168,-0.010898545,0.002475494,0.0038511115,-0.0074516744,-0.010091572,-0.0030656857,-0.00830605,-0.013841348,-0.0097171115,-0.0069744834,-0.016900927,-0.007625049,-0.0053209714,-0.00936459,-0.0022461885,-0.0030302198,-0.0021229445,-0.01057717,0.01187711,0.0090103885,-0.010204223,0.015020652,-0.007309963,0.0012326778,-0.0134465005,0.0081923045,0.0013445411,0.0029739894,0.00305935,-0.015150351
9.2,-0.0125142485,-0.009689293,-0.00033598565,0.001349561,-0.008551785,-0.010806771,-0.0073867,-0.008551003,-0.014231067,-0.015190407,-0.0061151986,-0.01584548,-0.009954325,-0.012086298,-0.010898747,-0.007049891,-0.0032391562,-0.0041546077,-0.00024159231,0.009088938,0.008926524,-0.0071426523,0.010687401,-0.01184139,0.002677809,-0.013582014,0.0055560237,-0.0007314842,0.006403283,-0.0017969201,-0.018728094
9.3,-0.009915448,-0.006403716,0.008215185,0.0138545055,-0.0067814346,-0.007997761,0.0010859678,-0.01174312,-0.015815662,-0.010885331,-0.004211351,-0.021337207,-0.0057091094,-0.0035852348,-0.006755253,0.0020497306,-0.0011541905,-0.007143503,-0.005972099,0.015339134,0.01263462,-0.009016889,0.030678706,-0.009889299,0.0054940344,-0.016395625,0.016268756,-0.0070167347,0.010361261,0.0030710343,-0.028508376
9.4,-0.0083618555,-0.010676622,0.015372921,0.022532765,-0.0064494577,-0.018568892,-0.00045823108,-0.013531152,-0.029326875,-0.020976217,-0.009609629,-0.0279575,-0.004813563,0.00771531,-0.015883394,0.0023093573,-0.006348918,-0.019497195,-0.035201922,0.009281312,0.011530926,-0.025175823,0.060750015,-0.012537297,0.0072102435,-0.0295926,0.023488373,-0.012290211,0.019529304,-0.001678408,-0.057999466
9.5,-0.015014344,-0.013342143,0.015384289,0.022865927,-0.010308516,-0.021203505,-0.0031596539,-0.011684594,-0.03386088,-0.029681206,-0.017432239,-0.038766306,-0.008631057,-0.00076253305,-0.021706078,-0.006429498,-0.015397149,-0.025186744,-0.04116529,0.011349295,0.0072068293,-0.029593362,0.04801723,-0.019788776,0.0025053492,-0.039571233,0.02397168,-0.024731826,0.017051889,0.0014318081,-0.066174075
9.6,-0.019323532,-0.019544246,0.014484745,0.02291073,-0.0109961,-0.025259491,0.0003522901,-0.017720979,-0.042289894,-0.028821466,-0.02739887,-0.034525163,-0.010018666,7.5841326e-06,-0.025388435,-0.017876621,-0.02842516,-0.040513188,-0.062233567,0.012507502,0.002439228,-0.043088395,0.056026857,-0.023151787,-0.008337768,-0.053675875,0.016781773,-0.03263269,0.012506872,-0.008497199,-0.072501086
9.7,-0.043668676,-0.032643974,0.00045431196,0.014530951,-0.01853624,0.00063995033,-0.017009407,-0.005537775,-0.02645024,-0.04630489,-0.03787602,-0.020105975,-0.02573816,-0.029810885,-0.017892784,-0.032576203,-0.05086493,-0.009889272,-0.021642333,-0.0041260673,-0.0140071055,-0.0039776103,-0.022466846,-0.046651974,-0.012429688,-0.06834642,-0.0495352,-0.022970395,0.022246001,-0.03584563,0.0126354955
9.8,-0.0020086076,0.006801666,-0.004760779,0.009446013,0.012711975,-0.013820798,-0.005463,-0.019727243,0.0013489076,0.022568336,0.0012993374,0.026230646,0.007881193,0.004448609,0.02272634,0.014915504,-0.007400932,0.0032403113,-0.021217437,-0.015976274,0.013143172,-0.01933492,-0.034307312,-0.0033581008,-0.016996361,0.009751333,-0.028986938,0.025434412,0.006495085,-0.029183304,0.008730683
9.9,-0.0094073815,-0.014520533,0.005022039,0.007428366,-0.0075339703,-0.012264864,-0.009698028,-0.0072865235,-0.019376561,-0.01609583,-0.013706923,-0.021508299,-0.009375602,-0.0069196317,-0.009495874,-0.012799042,-0.016947769,-0.008726614,-0.014290057,-0.00076005084,0.0032990752,-0.011720517,0.0007621527,-0.025295133,-0.0015628681,-0.028617358,-0.004080316,0.0036806457,0.004695789,-0.0026918661,-0.008867375
10.0,-0.017164188,-0.015930539,0.002584601,0.008779364,-0.01193674,-0.02596025,-0.009796277,-0.01209477,-0.033962484,-0.01927966,-0.014843301,-0.026268298,-0.012968861,-0.001788919,-0.01400347,-0.009658932,-0.02348079,-0.023143036,-0.03343914,0.0024146708,-0.00023371428,-0.028770458,0.018004026,-0.022707405,-0.0026168432,-0.028185524,-0.00014649636,-0.013016643,0.0050938716,-0.01030554,-0.042648993
10.1,-0.0132146245,-0.01640899,-0.0046189534,-0.006941132,-0.021439409,-0.026030082,-0.0126216365,-0.021975275,-0.02740081,-0.01551963,-0.009816401,-0.026150081,-0.012832157,-0.019717902,-0.0112478,-0.0022988436,0.0008760668,-0.015365102,-0.018596033,0.0070276135,0.01758417,-0.015429061,0.00823143,-0.021773994,-0.0063243387,-0.019959163,0.0019123941,-0.029805854,-0.006252407,-0.010834232,-0.034446742
10.2,-0.01720506,-0.017779298,-0.0021582937,-0.0021139183,-0.016336368,-0.02036557,-0.0118856365,-0.014974582,-0.029322833,-0.025241503,-0.013386919,-0.029722005,-0.016163344,-0.013324197,-0.016432399,-0.00935056,-0.013318506,-0.018037394,-0.030646503,0.007858748,0.003537983,-0.023071537,0.006519648,-0.030642826,-0.0041481066,-0.030030578,-0.0019868568,-0.014067775,-0.0011896164,-0.0032539417,-0.033895366
10.3,-0.015256836,-0.01890615,-0.00603471,-0.004009038,-0.017989036,-0.021211721,-0.0071518156,-0.017077247,-0.032165136,-0.0175647,-0.01336992,-0.027136462,-0.015547219,-0.012061018,-0.015480632,-0.01045432,-0.008829397,-0.015103214,-0.023257332,0.0010232389,0.00674221,-0.020243157,0.009559628,-0.021415772,-0.004880378,-0.02823494,0.0057110223,-0.021668758,0.00032429112,-0.009044251,-0.031230884
10.4,-0.017578585,-0.018768284,-0.0023926587,-0.005233068,-0.016205415,-0.023087444,-0.007155589,-0.0195209,-0.024345819,-0.016343938,-0.012424511,-0.026782379,-0.009439769,-0.00897746,-0.009795631,-0.007005838,-0.0050780717,-0.015696978,-0.01713912,0.0070066485,0.01139172,-0.017711304,0.006280885,-0.02273428,-0.0037496348,-0.023535712,0.00038212378,-0.020764064,-0.0015759664,-0.0043081627,-0.029271834
10.5,-0.015217621,-0.017207528,0.0006913804,0.0018431309,-0.009482997,-0.020740565,-0.008917983,-0.012177872,-0.02853597,-0.01913777,-0.019522337,-0.028959021,-0.0140108755,-0.010673964,-0.014935344,-0.01119523,-0.01899727,-0.021533746,-0.033728328,0.00042775917,0.005325876,-0.022995023,0.010699444,-0.02027959,-0.0005647863,-0.03526463,0.0053816857,-0.011907095,0.006693406,-0.009577161,-0.033441793
10.6,-0.013932472,-0.014826021,0.0005194711,0.006113878,-0.004755001,-0.019903937,-0.007018228,-0.01368853,-0.028537162,-0.020523667,-0.018380495,-0.02118976,-0.008452332,-0.0018787114,-0.015889186,-0.0062949057,-0.020406034,-0.018916609,-0.03561985,-0.0025950784,0.0012937299,-0.019358432,0.020386934,-0.015748877,-0.004732207,-0.028680146,0.0071831797,-0.010627618,0.006968606,-0.003523383,-0.043473665
10.7,-0.01615679,-0.014426598,-0.0038548585,-0.0017806264,-0.012128919,-0.01788556,-0.0071626273,-0.019001024,-0.03186668,-0.019744478,-0.01936754,-0.029476179,-0.01083322,-0.005546248,-0.012822864,-0.009716192,-0.013920114,-0.015305761,-0.03045486,-0.0014187855,0.004976028,-0.019610573,0.010385912,-0.012535868,-0.0026191843,-0.027463783,0.004639207,-0.010027947,-0.0006615498,-0.008111266,-0.03528913
10.8,-0.015763244,-0.014694353,-0.00036482204,0.0014359701,-0.006679816,-0.016708292,-0.009069855,-0.01541111,-0.023723196,-0.021193575,-0.021343507,-0.024887593,-0.010449788,-0.0050534667,-0.015971607,-0.0129043525,-0.018149428,-0.016837034,-0.03159943,-0.002328651,-0.0020794186,-0.019122709,0.010935196,-0.016245494,-0.00074290374,-0.029813126,0.0044094655,-0.010580992,0.00431582,-0.0050103622,-0.034924503
10.9,-0.008622583,-0.010496361,-0.002302545,-0.00016445796,-0.008682969,-0.01693024,-0.004180388,-0.010406448,-0.017850822,-0.0071916454,-0.014633684,-0.0150972335,-0.007687908,-0.003897308,-0.00376296,-0.0024688,-0.0061343918,-0.00902751,-0.016322004,0.002045308,0.012282899,-0.009233357,-0.00087766995,-0.011571653,-0.004767518,-0.016643703,0.0018534405,-0.009442458,-0.004558704,-0.007099038,-0.01737632
11.0,-0.011751512,-0.011068192,-0.009215033,-0.011325196,-0.01200856,-0.017681723,-0.007088251,-0.014802067,-0.017873356,-0.0047333315,-0.011904552,-0.015709288,-0.010585008,-0.011526196,-0.0040671276,-0.0023879926,0.0020754351,-0.0094472645,-0.013612186,0.0020204738,0.019535024,-0.009445164,-0.010161401,-0.0040596323,0.0007492441,-0.0044979467,-0.00539598,-0.0092829885,-0.0139264045,-0.0035848792,-0.011525301
11.1,-0.013995088,-0.012186025,-0.004990569,-0.006353511,-0.012343564,-0.015737165,-0.010441573,-0.012277397,-0.017234296,-0.014337689,-0.014954288,-0.019659422,-0.009963131,-0.011704751,-0.011816784,-0.0074636606,-0.008817484,-0.009068439,-0.016431123,0.0034433084,0.0134449145,-0.0020197653,-0.0038685724,-0.014841359,0.0012776462,-0.019955821,-0.0042042024,-0.012201391,0.0010920512,-0.0022517287,-0.016067334
11.2,-0.010943376,-0.012525197,-0.0040589315,-0.0061419625,-0.009733842,-0.01931521,-0.0067229723,-0.01485949,-0.019447016,-0.008784973,-0.0048379535,-0.016474942,-0.0075818063,-0.009061166,-0.0077404026,-0.00038413983,-0.001623381,-0.010155611,-0.01181035,0.0051066563,0.009423581,-0.006517569,0.0021035979,-0.0022600438,0.00020357668,-0.013344957,0.0046703187,-0.0021873612,-0.003727444,-0.0033909904,-0.017570594
11.3,-0.013428678,-0.013250908,-0.006776138,-0.0027227653,-0.011570658,-0.013045477,-0.00927049,-0.014913175,-0.01773702,-0.0113907475,-0.00701088,-0.02103689,-0.011168701,-0.009121465,-0.008905095,-0.010691356,-0.0058825687,-0.009421608,-0.003204974,0.000653516,0.011257451,-0.0009224237,0.0039430414,-0.009432415,-0.00078397023,-0.021333175,-0.0074457144,-0.011204863,-0.002873028,-0.009076581,-0.012744105
11.4,-0.012657333,-0.010785038,-0.0039945347,0.0016076778,-0.0072208503,-0.013682439,-0.006422564,-0.006768058,-0.01793188,-0.0075661475,0.0014425266,-0.017155578,-0.0061657755,-0.00024756108,-0.009970244,-0.007393193,-0.0071870466,-0.013128449,-0.005124269,0.0019123192,0.00842887,-0.0030498153,0.010481758,-0.0043569594,0.0024069261,-0.021509884,0.0037328543,-0.0038893118,0.008279149,-0.008342931,-0.019770341
11.5,-0.012496267,-0.010801726,-0.003596024,-3.206865e-05,-0.0050323857,-0.012266482,-0.00069986365,-0.014881061,-0.021906823,-0.0089627,0.0107738655,-0.018546244,-0.0006140318,0.0015279687,-0.0031902567,-0.007459316,0.0021699148,-0.00834962,-0.0014064754,0.004047066,0.013673009,-0.0016080089,0.016134074,-0.0043356195,-0.0032463996,-0.017647674,0.0066937995,-0.008196133,0.00017022454,-0.008599195,-0.022035023
11.6,-0.018829048,-0.010478813,-0.01546657,-0.006436132,-0.005601822,-0.008140726,-0.0050900294,0.0061489637,-0.0054194243,0.007700936,0.03100481,0.0024543712,0.013445666,0.0042363466,0.011660419,0.009166006,0.019948939,0.0014098858,0.03729559,0.011344526,0.029479587,0.03221379,-0.007947405,0.0032952423,-0.0052158358,-0.0055665113,0.00395727,0.0043592984,-0.0059323353,-0.00784692,0.03269012
11.7,-0.010334309,0.0052718944,0.014041387,0.051197957,0.013152321,-0.007917035,0.045984704,0.027572434,-0.021329269,-0.0009702341,0.039741825,-0.0119757475,0.027867,0.031148313,0.0049411445,0.007792017,0.01813339,-0.012906966,0.024004776,0.037991386,0.024782313,0.016475124,0.064535186,0.021747118,-0.005411121,-0.017411249,0.034157008,-0.008004664,0.021846374,-0.0011323214,0.033092488
11.8,0.012128035,0.01849912,0.038876805,0.09537425,0.031608827,-0.0076590516,0.07634834,0.018225899,-0.034375004,-0.029731086,0.018419437,-0.03164189,0.026205374,0.0388875,-0.012726433,-0.012523514,-0.010600042,-0.035070866,-0.01387203,0.028886791,0.008104735,-0.017061898,0.09605925,0.020762188,-0.014792134,-0.0401197,0.04924632,-0.013371482,0.055826034,0.008676416,0.016261784
11.9,-0.007919848,0.014611278,0.026092436,0.07905464,0.032772258,0.007948654,0.062237214,0.03262643,-0.018644512,-0.04938404,0.0067679374,-0.035581175,0.0006191756,0.012599866,-0.021360053,-0.028934566,-0.02441358,-0.016558042,0.05123013,0.022301514,-0.0037505822,0.016338108,0.045467317,0.0013904733,-0.010823511,-0.052434847,0.009502269,-0.006668544,0.03933463,-0.016140128,0.066335134
12.0,0.017234199,0.018319225,0.040467035,0.09482164,0.045190435,-0.0099170515,0.07485936,0.0078082983,-0.040454634,-0.036096647,0.019189978,-0.03328324,0.015249662,0.052895673,-0.021875761,-0.022276895,-0.012144522,-0.04239728,-0.0036138755,0.03016332,0.00033162738,-0.028093284,0.10681981,0.012116484,-0.0054069264,-0.03928169,0.050800227,-0.0059600184,0.061916962,0.018826194,-0.006085158
12.1,0.012928774,0.020730183,0.03445326,0.08435328,0.047372848,-0.001488342,0.07095529,0.0139143625,-0.035006046,-0.029985812,0.021444758,-0.03240771,0.012137045,0.060516603,-0.019597402,-0.018307334,-0.013595164,-0.031019757,0.018941052,0.02923177,0.0003569145,-0.008694011,0.0969889,0.016713092,0.0009592588,-0.034402587,0.047655508,-0.007961495,0.059942193,0.015654132,0.0059109926
12.2,0.014018425,0.014465621,0.03662105,0.08596187,0.054053128,-0.00664367,0.06398561,0.0074460465,-0.030376533,-0.022482216,0.020305984,-0.03060952,0.017795501,0.07385297,-0.019981828,-0.020184763,-0.011397299,-0.037301064,-0.005363899,0.028011657,0.0029019737,-0.025924241,0.10582763,0.015177973,-0.0029116245,-0.03227901,0.05795211,-0.005844782,0.060427036,0.014987688,-0.024912827
12.3,0.015349675,0.017925201,0.04040943,0.08710518,0.055093177,-0.0009596765,0.063764505,0.008418138,-0.02649922,-0.014006771,0.030108681,-0.022198731,0.022629466,0.07276526,-0.010439165,-0.0070785647,0.0012066079,-0.024346972,0.010197707,0.04118347,0.021832831,-0.007575589,0.11017523,0.027830182,0.01052668,-0.015729172,0.06742448,-0.004128028,0.04758373,0.023308832,-0.020384526
12.4,0.011902567,0.014141848,0.04343788,0.0953653,0.059590466,-0.005172133,0.05696542,0.004536205,-0.036583483,-0.020275721,0.018296393,-0.02365976,0.013721601,0.069958284,-0.013604169,-0.016642699,-0.018222006,-0.034786202,-0.016887713,0.030732526,0.0030129985,-0.026313398,0.09862853,0.019815205,0.0038178188,-0.03287599,0.047624957,0.0010363284,0.06717097,0.025754537,-0.029029278
12.5,0.008018044,0.009509767,0.042096153,0.09195897,0.06424001,-0.0036840402,0.053567976,0.009544606,-0.031231001,-0.018226938,0.011055901,-0.025763286,0.0140181985,0.06302021,-0.018144974,-0.01144695,-0.01987847,-0.030181644,-0.02199118,0.029514844,0.0066259066,-0.019655975,0.09798019,0.015178062,0.006731297,-0.030555917,0.045906615,-0.0026944892,0.056444768,0.024138503,-0.02463643
12.6,-0.006245105,0.0033184637,0.033197697,0.07822203,0.068329655,-0.003434956,0.04869839,0.0038951098,-0.019634055,-0.008607892,0.01716451,-0.023999672,0.012282118,0.051271453,-0.007435457,-0.006174998,-0.008823257,-0.023918143,-0.012306979,0.031602893,0.01303104,-0.009645722,0.08208638,0.01333749,0.014436289,-0.021578996,0.047672603,-0.005742488,0.042642277,0.029481737,-0.01960778
12.7,-0.005815659,-0.00023345699,0.024076523,0.065436505,0.079871565,-0.0052902023,0.042274013,0.007844027,-0.01604976,-0.0039712526,0.0092616165,-0.0195757,0.009713437,0.053615324,-0.008109001,-0.0102109425,-0.014934557,-0.02117342,-0.017457644,0.02664776,0.0092815645,-0.011703593,0.065750174,0.011379417,0.007894717,-0.011774361,0.036531687,0.0032203211,0.031109923,0.024725793,-0.017968712
12.8,-0.006136197,0.0009069543,0.02142697,0.05904328,0.070958816,-0.010692499,0.038770486,0.0023192442,-0.023467956,-0.00045376061,0.008977036,-0.018524138,0.008112491,0.044846285,-0.008101304,-0.0061556213,-0.0026548672,-0.024411637,-0.017487869,0.021808699,0.010178278,-0.016715813,0.07432384,0.005521982,0.00866708,-0.015485609,0.04000668,-0.014718948,0.02748591,0.025151785,-0.026173709
12.9,-0.019909134,-0.010569803,0.022153357,0.058780134,0.07699016,0.004183017,0.025326937,0.015579335,-0.011939675,-0.023011765,-0.013054334,-0.019424286,-0.006079987,0.038652673,-0.014140721,-0.022864532,-0.035034973,-0.0110176345,-0.010268262,0.01620149,-0.008556327,-0.0039772047,0.044979658,-0.013793035,0.0033346778,-0.046426114,0.007636683,-0.015562743,0.053595413,0.008098088,0.018728094
13.0,-0.024399472,-0.012371134,0.015865913,0.052957684,0.07634169,-0.0034134833,0.020629033,0.006694149,-0.019125365,-0.025751198,-0.013587474,-0.02402704,-0.0026259602,0.044816513,-0.012051764,-0.021244036,-0.033556473,-0.018616583,-0.020055301,0.009016685,-0.0070058093,-0.012855964,0.04847378,-0.009345181,0.0018404815,-0.04212764,0.004758609,-0.002660273,0.050674938,0.016727593,0.0026485363
13.1,-0.024243379,-0.014225169,0.01699074,0.04865206,0.07851665,0.00084266555,0.015963785,0.0033861434,-0.022795027,-0.031116985,-0.011167712,-0.02366146,-0.0017243108,0.04754989,-0.010709344,-0.021637125,-0.034952592,-0.02102559,-0.028193979,0.0097991405,-0.0063097747,-0.019362181,0.053663824,-0.009522417,0.00041183553,-0.038708378,0.015949978,-0.004263209,0.048317112,0.01990563,-0.003895068
13.2,-0.0114471065,-0.0013087089,0.023344036,0.060312245,0.08261968,0.004235734,0.02781169,0.005698156,-0.023436937,-0.03031447,-0.00043466018,-0.022822445,-0.002131108,0.057504952,-0.009799263,-0.019387115,-0.037634123,-0.022459038,-0.029797692,0.009172708,-0.0074742595,-0.018002057,0.05471211,-0.015704412,0.004737572,-0.041328203,0.012505911,0.0014000317,0.056820724,0.018199988,-0.0027448323
13.3,0.013286805,0.024055703,0.035925858,0.083815694,0.09061437,0.0051266355,0.03679984,0.011736869,-0.017841145,-0.028994754,0.0043413597,-0.01980687,0.0005431518,0.0729675,-0.0040516467,-0.018730575,-0.03670949,-0.01740235,-0.03621402,0.009146074,-0.008512053,-0.021271178,0.058126744,-0.008374983,-0.0005132825,-0.041346002,0.012564959,0.010231028,0.057355892,0.016549869,-0.005659578
13.4,0.012960528,0.030947622,0.040571775,0.09422507,0.09647274,0.0056875413,0.04217772,0.016837686,-0.0077037257,-0.0207382,0.0106589105,-0.015710583,0.0023864678,0.08030014,-0.00018144542,-0.016638182,-0.030386413,-0.014336574,-0.02734811,0.017510504,-0.0041159256,-0.0114340205,0.06137046,-0.0043212445,0.008018112,-0.04136073,0.0149368355,0.011745232,0.05682021,0.021766506,0.0058218725
13.5,0.014815785,0.032680664,0.038028073,0.088848904,0.10106827,0.0134646,0.03763387,0.011919435,-0.0007090513,-0.014260852,0.015053292,-0.016651781,0.0028270048,0.06708577,2.8540032e-06,-0.009640511,-0.017993825,-0.007047684,-0.009357335,0.02253006,0.003933467,-0.0016032457,0.056076035,-0.0077389893,0.005493449,-0.029673366,0.018812915,0.00074283057,0.054585885,0.023427168,0.011903044
13.6,0.02248855,0.035101745,0.037383344,0.07870757,0.0948515,-0.007582434,0.03854707,0.0034879365,0.007024036,0.0065858243,0.03352268,-0.01651073,0.016907802,0.06623064,0.0066279466,0.00557485,0.006441657,-0.008382869,-0.0114879,0.030319523,0.02861608,-0.0060012266,0.06023084,0.01981726,0.01616001,0.009199434,0.042222623,0.014298159,0.032604896,0.034132432,-0.0063491524
13.7,0.02124236,0.03495032,0.04195114,0.08513952,0.1065509,0.0022129386,0.079762176,0.012799601,0.002323207,0.013489733,0.028198842,-0.0026172835,0.023652561,0.07362339,0.01588002,0.004035771,-0.00415701,-0.008654095,-0.026546206,0.02859436,0.019343881,-0.008666344,0.052534144,0.028383318,0.009005073,0.0024021934,0.02766651,0.023916395,0.03969484,0.030979082,0.006600567
13.8,0.0041946685,0.023211392,0.038557734,0.098989844,0.09042906,0.0030910808,0.094540805,0.010582578,-0.011897256,-0.0044140364,0.012538718,-0.011634944,0.0090804,0.07124647,0.00048924534,-0.01477231,-0.03306144,-0.025668195,-0.03533312,0.019215781,-0.0032831535,-0.020760816,0.060488574,0.0056554666,-0.008657033,-0.03176442,0.016945368,-0.0035238357,0.036898278,0.011141537,-0.009264607
13.9,0.00033137787,0.018530656,0.038786277,0.10211912,0.07987238,0.006969745,0.09038073,0.013068945,-0.019579507,-0.016800765,0.0042577824,-0.015587509,0.002062146,0.07056614,-0.0011484335,-0.015595677,-0.039578333,-0.021320552,-0.02545384,0.015713086,-0.008679101,-0.019519668,0.05568101,0.0003426852,-0.009060772,-0.044966277,0.0037972266,-0.01169639,0.04217493,0.003610532,-0.0021257745
14.0,0.0005512975,0.012724909,0.039418112,0.09814038,0.072910756,0.00900001,0.08924927,0.018356435,-0.016324153,-0.02256543,0.007931125,-0.0150303515,0.003410261,0.06440315,0.0019603542,-0.008669344,-0.037735842,-0.018372586,-0.021728097,0.012239546,-0.010470315,-0.015359337,0.053328812,-0.00046902694,-0.005736239,-0.052740023,0.0056352513,-0.007832253,0.053833768,0.008341964,0.003222414
14.1,0.003509532,0.010386596,0.04207813,0.09502678,0.07234295,0.0035530874,0.08138743,0.015493169,-0.015901824,-0.01866819,0.0023409792,-0.012979536,0.002339563,0.063624695,-0.00041106294,-0.01461278,-0.038593307,-0.019590484,-0.026982484,0.010023997,-0.012193159,-0.018999983,0.04862964,-0.0044759796,-0.009189921,-0.043001518,0.0119601,-0.0063242535,0.049302336,0.0048365034,-0.002506263
14.2,0.0022759673,0.009502712,0.039950684,0.08513227,0.07698108,0.013127571,0.07712504,0.011589235,-0.019977113,-0.01785276,0.0008189944,-0.010758683,0.008626611,0.0722618,0.00017046183,-0.013991691,-0.03873434,-0.02007246,-0.033209816,0.010666716,-0.008472207,-0.017411329,0.053893752,0.0023068304,0.0009726225,-0.034837402,0.01986156,-0.0010535253,0.05479882,0.004485799,-0.0071738246
14.3,0.0002682522,0.0072326874,0.036968265,0.084926404,0.07343363,0.005613787,0.069436125,0.01784514,-0.024455577,-0.02057621,-0.0048026806,-0.009805501,0.00947255,0.06519302,-0.0012666585,-0.012695817,-0.03642871,-0.01703164,-0.030802136,0.012966304,-0.011649444,-0.0106033115,0.05348558,0.012466224,-0.00858797,-0.0328974,0.034669373,0.01750403,0.05785782,0.009257556,-0.0028315608
14.4,-0.0019213795,0.006540477,0.036931872,0.083000325,0.07659579,0.011188425,0.056827985,0.02141489,-0.0129513545,-0.019854004,-0.00649092,-0.0131184,0.007850244,0.058688547,0.00054355786,-0.0068244124,-0.033235736,-0.009464369,-0.025927505,0.011351994,-0.015292407,-0.008916053,0.04529098,0.0020912013,-0.0060292645,-0.029866608,0.051805988,0.0069119586,0.060740724,0.008690912,-0.002394907
14.5,-0.0038455646,0.0026807978,0.030282795,0.07626721,0.074032396,0.012361273,0.050212987,0.017905872,-0.010329827,-0.021653792,-0.004246549,-0.010500226,0.0073265336,0.05437795,-0.0019398574,-0.008461068,-0.036471963,-0.009805758,-0.027519247,0.011577931,-0.010861201,-0.010195204,0.038711317,0.012326846,0.00026561538,-0.02876046,0.07904338,0.014941798,0.061358638,0.008936897,0.0052163685
14.6,-0.0057411836,0.0022143135,0.03196501,0.07424885,0.0746697,0.015685132,0.04548047,0.013399942,-0.00890271,-0.018542683,-0.004700531,-0.010802327,0.011044377,0.052467402,0.00035605853,-0.008135405,-0.032197196,-0.005121788,-0.02788458,0.010271799,-0.008186045,-0.006245767,0.043172933,0.01869063,0.0023189404,-0.010023985,0.13291517,0.01774186,0.05972504,0.012127146,0.00041680984
14.7,0.019797612,0.025539948,0.041259483,0.08301371,0.093178235,0.020316338,0.04622888,0.019392999,-0.0043506776,-0.0035856934,0.0029575464,0.0029351728,0.018739346,0.06745571,0.011976521,0.0030674709,-0.02188435,0.0028489188,-0.021307714,0.025123069,-0.003326661,-0.0056658825,0.04454218,0.03495264,-0.00042490658,0.016730973,0.21943286,0.04969501,0.058247257,0.012689398,0.0101249805
14.8,0.01923879,0.031697016,0.040528383,0.09043581,0.08756221,0.013808537,0.041460954,0.020921675,-0.0019431639,-0.0097841825,0.0005562063,-0.0034314396,0.0133116655,0.05707022,0.005781173,-0.004364996,-0.027924538,-0.00033318545,-0.026628142,0.012861839,-0.009474581,-0.006241713,0.036296494,0.03296305,0.0046032523,0.012330867,0.2639598,0.042750873,0.059167024,0.007840858,0.0032606844
14.9,0.020632528,0.029682107,0.04176502,0.08432448,0.08416317,0.022029553,0.02955558,0.015894521,-0.009229863,-0.018394254,0.004519447,-0.0041264077,0.010632262,0.04614336,0.0006298699,-0.008077189,-0.03206322,-0.0023158046,-0.030817933,0.01599301,-0.0073170876,-0.0075595775,0.043294672,0.03851548,0.0030808654,0.019279702,0.3181902,0.053544167,0.06290177,0.014434134,-0.0011926697
15.0,0.022541983,0.029473009,0.040862706,0.08541018,0.0828838,0.01957058,0.033571757,0.022777915,-0.006648102,-0.01423454,0.005965943,-0.0038433354,0.0055275066,0.040201895,0.0034331065,-0.006272401,-0.02511535,-0.0029250158,-0.026363589,0.01599427,-0.010451243,-0.008582735,0.04884311,0.038701106,0.005515104,0.011925412,0.36549953,0.04936251,0.06180571,0.0148696145,-0.0017492726
15.1,0.017406935,0.028359286,0.04059569,0.08371661,0.08258418,0.01765689,0.032539777,0.021372054,-0.01290708,-0.011292683,0.010369161,-0.0042226003,0.013034161,0.04659663,0.008024592,-0.00801376,-0.037206814,-0.004100939,-0.032804545,0.020011013,-0.012104016,-0.009168397,0.043703046,0.042771455,0.0049321745,0.030198615,0.40524638,0.04814987,0.06147164,0.0126156015,-0.001241925
15.2,0.023738246,0.039071556,0.044740576,0.08941464,0.08899116,0.01813203,0.030751914,0.023120373,-0.0026776001,-0.010515511,0.00440891,-0.006369932,0.013045234,0.049441524,0.005738276,-0.0023896433,-0.026555913,0.0036612875,-0.028705327,0.018894197,-0.011791631,-0.005003505,0.043354988,0.052128598,0.004816193,0.030576063,0.43424836,0.04641778,0.060167067,0.012641167,-0.0033904668
15.3,0.03342893,0.047151685,0.048981883,0.098513715,0.09219697,0.024954826,0.032217674,0.024986235,-0.0029240912,-0.015249246,0.003624889,-0.0017590794,0.012749159,0.042192496,0.0050086025,-0.003669704,-0.0280499,0.010162855,-0.022434328,0.015063169,-0.009603826,-0.0037573918,0.044934295,0.04002149,0.005515787,0.020696536,0.46770754,0.056058444,0.059358347,0.0027978153,-0.0007763914
15.4,0.040954974,0.05993359,0.048507124,0.09935089,0.09753165,0.026571942,0.027448297,0.024168396,0.00020652496,-0.017794728,0.0024060584,-0.0041782283,0.013405475,0.037796225,0.0024085192,-0.003064169,-0.025569329,0.005820622,-0.019592626,0.018083578,-0.014726895,-0.007384051,0.03902304,0.031867225,0.0028833365,0.019748395,0.5057754,0.05562684,0.06015369,0.010855843,-0.0028848026
15.5,0.04756723,0.07102492,0.056896366,0.10937447,0.10694736,0.03295763,0.027889475,0.02879616,0.001297674,-0.01231433,0.0075707557,0.0051617743,0.017156972,0.037776377,0.009842592,-0.0007645434,-0.026345875,0.0052483254,-0.023887021,0.020733183,-0.009895863,-0.0054973494,0.049215555,0.028678859,0.00833845,0.022484854,0.5685509,0.061185304,0.06660935,0.012604445,-0.0006788552
15.6,0.05430822,0.07825736,0.05517284,0.11147219,0.11125457,0.034523647,0.028281458,0.026793081,0.000775993,-0.014467473,0.006714616,0.009058874,0.013796753,0.037824035,0.00407716,0.0004056885,-0.023898479,0.011070693,-0.021524873,0.019027635,-0.011399723,-0.0018838644,0.047974374,0.021172464,0.0062354747,0.026659919,0.61560684,0.07480304,0.06365749,0.011164994,0.002729418
15.7,0.068586096,0.08739783,0.058197886,0.114432566,0.10978046,0.030538738,0.025781322,0.028993987,0.0034082583,-0.0032781824,0.007847474,0.011426122,0.019368026,0.042768985,0.013903665,0.0027564922,-0.022415305,0.013488774,-0.02140594,0.022332376,-0.006154306,0.00281926,0.042744182,0.04638795,0.011873193,0.04496492,0.63492453,0.08143284,0.058502283,0.013388961,0.006969362
15.8,0.06976464,0.09495766,0.06198121,0.11951404,0.10335941,0.031476818,0.029463643,0.027390603,0.0010375294,-0.0036120054,0.005979573,0.0016479072,0.015608334,0.038584977,0.012674714,0.0011271345,-0.021963801,0.00771772,-0.024002323,0.02041133,-0.008261906,-0.0024838147,0.04312285,0.04059891,0.0062641534,0.04881168,0.67511576,0.07853386,0.05975365,0.015489321,0.000120037694
15.9,0.070708334,0.09588916,0.05944118,0.11990252,0.09622876,0.029731238,0.029550934,0.022789314,-0.0020478182,-0.01223273,0.0036934132,-0.0016858822,0.0142252585,0.03778237,0.01022425,-0.0015334312,-0.02279029,0.00856997,-0.02368419,0.016008668,-0.012846197,-0.006940777,0.04435209,0.033750206,0.009765243,0.038180508,0.6957624,0.07006018,0.06370226,0.0060893577,0.0020290357
16.0,0.07101835,0.097049266,0.061354365,0.1188728,0.10308307,0.029271722,0.027789703,0.028396832,1.935343e-05,-0.012564455,0.005751384,0.003136303,0.016246604,0.035796545,0.010653389,0.0013594779,-0.020551372,0.012120777,-0.018325493,0.01773203,-0.010568058,0.0019219693,0.047877725,0.028748414,0.0068370355,0.037878316,0.73686486,0.073639505,0.06346442,0.012497441,0.0008164335
16.1,0.074949615,0.10294723,0.062067304,0.121800646,0.10490487,0.03202403,0.030692704,0.025782319,0.0042387987,-0.011176378,0.0011282892,0.00049116573,0.020082928,0.03238069,0.011787725,-0.002794376,-0.023794286,0.0071381796,-0.021207133,0.019558331,-0.009692289,0.0014548796,0.043643232,0.022946695,0.010216096,0.032154337,0.7697402,0.07646572,0.06502289,0.01641897,0.0015976973
16.2,0.07096275,0.10002487,0.059207853,0.12270771,0.10257334,0.03427332,0.025277086,0.02879665,0.007813682,-0.01190827,0.0030492865,0.0009376359,0.016851569,0.03435228,0.008747952,-0.002149567,-0.021318663,0.007976118,-0.018970098,0.023052027,-0.010851921,-0.001571728,0.04685142,0.019480199,0.01090496,0.03699983,0.78524756,0.08279547,0.06953456,0.011976919,0.00038828427
16.3,0.072101176,0.10424072,0.058331672,0.12166323,0.10348989,0.03372704,0.023741014,0.024995489,-4.2087082e-05,-0.016577274,0.0039289417,-0.0011718019,0.014972507,0.02338469,0.0063108928,0.0035374577,-0.019405428,0.0079454,-0.013448998,0.018148992,-0.011924707,0.005082654,0.04072208,0.022834372,0.008462626,0.032489415,0.79445106,0.0742,0.06953446,0.014924874,-0.0015771447
16.4,0.0797946,0.110223725,0.058961984,0.12294127,0.0991991,0.031513665,0.024578528,0.025448749,-0.003671717,-0.015847158,0.0017387905,0.0021975334,0.014661001,0.021245403,0.010481889,-0.0042806263,-0.023769543,0.008212524,-0.023343293,0.0183689,-0.012910309,-0.0012400325,0.034234747,0.020754687,0.0077806874,0.021733299,0.7991376,0.07505771,0.065263204,0.012899978,-0.0088527575
16.5,0.08351098,0.11866339,0.0641585,0.13495976,0.10451131,0.03394556,0.026810039,0.023302754,0.0072026574,-0.0091677075,0.006439546,0.0058980375,0.016063169,0.031325933,0.009680087,-0.0038300157,-0.025873845,0.01085558,-0.021315271,0.017045133,-0.010900792,-0.0008265532,0.04351326,0.009063657,0.0105655035,0.022940358,0.7915549,0.083788894,0.06495764,0.010539049,-0.00021509337
16.6,0.09308823,0.13164286,0.065996885,0.13894634,0.11014911,0.03674256,0.023872135,0.03381167,0.0036497123,-0.011168145,0.007216602,0.0070114597,0.014556293,0.027307933,0.007902562,0.00042775852,-0.023475107,0.010833327,-0.02095249,0.014997665,-0.0109775895,-0.0014359285,0.037376598,0.015386102,0.0067695347,0.026074775,0.79699546,0.07882567,0.06655852,0.0089253,-0.001663253
16.7,0.09756569,0.13754402,0.070046805,0.1404996,0.11456549,0.03774985,0.028209766,0.031671252,0.012948638,-0.010840859,0.007205069,0.009091344,0.015262216,0.033034235,0.007499542,-0.0007211854,-0.020430317,0.009298125,-0.023697045,0.01709453,-0.011110837,0.0020327372,0.03983929,0.01931707,0.011029526,0.02378867,0.81023455,0.079289004,0.06316143,0.0117351515,-0.0008457563
16.8,0.1022741,0.13997737,0.07594406,0.14346781,0.124123916,0.04955974,0.032658778,0.03231474,0.017669946,-0.00026610613,0.015777625,0.01914089,0.023930153,0.043497715,0.017933086,0.010057669,-0.015854243,0.019565089,-0.021621138,0.020728324,-0.004398852,0.00801633,0.030823829,0.0333827,0.013737183,0.04768024,0.8146152,0.094437785,0.06668932,0.012308735,0.010088836
16.9,0.10806406,0.14518398,0.07714306,0.14640664,0.11514075,0.046427332,0.029892195,0.031873614,0.014659295,-0.0029085232,0.0117553715,0.013537179,0.018275097,0.034598157,0.009542663,0.0017575201,-0.015885767,0.018217163,-0.016733358,0.021345759,-0.010564056,0.0018740342,0.036186498,0.026675785,0.015725836,0.041151132,0.81998605,0.08956427,0.06979391,0.015837917,-0.00011427943
17.0,0.110163406,0.14991337,0.076595716,0.14800002,0.11368678,0.04062247,0.024146855,0.03231609,0.01240767,-0.013867383,0.011107051,0.008903897,0.011783953,0.025373885,0.004063668,-0.0028569368,-0.026775112,0.007972278,-0.017720629,0.017046751,-0.013830862,-0.0017313432,0.03777243,0.02438824,0.009425689,0.03360559,0.81108737,0.079823084,0.06580074,0.013612281,-0.0005688281
17.1,0.11044243,0.15403841,0.07804939,0.15046322,0.11400223,0.042127427,0.02712612,0.033764604,0.014521103,-0.01164394,0.0081053935,0.008463581,0.011488489,0.024905074,0.0056346674,-0.0031077876,-0.023169218,0.010107352,-0.028640758,0.016955065,-0.014477599,0.002019664,0.027058931,0.017681772,0.009553668,0.03210501,0.8146808,0.07980429,0.06992801,0.012700906,-0.0026732527
17.2,0.10918413,0.15801583,0.0753692,0.1570132,0.12391975,0.04713836,0.025429903,0.031564742,0.020967519,-0.009886041,0.0129300915,0.010748238,0.011063557,0.031391755,0.0067223017,-0.0018903746,-0.0190868,0.01837817,-0.021709748,0.017204665,-0.014537965,0.0008758059,0.027912615,0.015266546,0.0060435063,0.02614208,0.82924,0.082912564,0.063093506,0.008364015,0.0028061357
17.3,0.11492346,0.15902108,0.07765906,0.15237442,0.122815914,0.047240432,0.024357866,0.033768892,0.016458899,-0.009417187,0.011042945,0.0038779906,0.010275159,0.023129731,0.008208373,-0.0020473844,-0.018002622,0.00994233,-0.017888822,0.0155685805,-0.01575047,-0.005005836,0.033771776,0.0062857466,0.008492279,0.026660642,0.84901404,0.06602195,0.05684604,0.005147411,-0.0026345395
17.4,0.11559374,0.15939584,0.079565525,0.15619534,0.12521018,0.052409578,0.02600017,0.035729256,0.013545346,-0.009935598,0.009497145,0.0025734785,0.009853803,0.024870805,0.0067831874,-0.0022446243,-0.018577289,0.0083984025,-0.019976603,0.014814018,-0.011434291,-0.00024068955,0.031905536,0.0024804051,0.008262267,0.031276304,0.85505867,0.071293116,0.052872214,0.015640778,-0.0068471096
17.5,0.11788629,0.16146645,0.08133494,0.15771623,0.115505084,0.044793785,0.027028741,0.030646702,0.014385629,-0.009452781,0.0096708145,0.00069140526,0.008545007,0.019708633,0.00438003,-0.006225307,-0.024182009,0.008218632,-0.022788964,0.012292093,-0.012491837,-0.003416778,0.027893646,7.223354e-05,-0.00035486917,0.0144875115,0.8345875,0.07896918,0.057444297,0.010091708,-0.0009065282
17.6,0.11495267,0.16296512,0.081949726,0.15745236,0.111274704,0.042713728,0.026918156,0.03046003,0.012342319,-0.007501659,0.0080686975,-0.00032444793,0.008634893,0.020602437,0.007961025,-0.0012691994,-0.024361989,0.008735166,-0.02538623,0.0155066755,-0.01323487,-0.0057943854,0.029645273,-0.0049739354,0.0070592435,0.02618481,0.8457509,0.073719814,0.054260768,0.0063026617,-0.0041611
17.7,0.11633939,0.16202417,0.08023971,0.15537842,0.10807727,0.045577757,0.025892487,0.0330363,0.017244304,-0.008985703,0.0032560572,0.0048111733,0.009009781,0.016694361,0.00012548966,-0.0030285441,-0.02408084,0.011244092,-0.02470659,0.01361955,-0.010714502,-0.006296337,0.02346495,-0.0048866128,0.008117413,0.02396601,0.8525884,0.07526212,0.049895342,0.009388806,-0.0034012746
17.8,0.11644027,0.16042759,0.08006836,0.14915854,0.11696173,0.046800647,0.028505312,0.03717471,0.020407727,-0.00071090774,0.013142629,0.016961655,0.017426193,0.029181963,0.010273287,0.0057950285,-0.01700376,0.013609028,-0.017002918,0.015576948,-0.0074898405,0.0033905304,0.022525858,0.0009166249,0.0051324344,0.024487555,0.83008236,0.087599844,0.052024387,0.009678191,0.010425384
17.9,0.115387656,0.15827377,0.08405804,0.15610547,0.11982125,0.047271676,0.030601928,0.036123436,0.024253493,0.00072914857,0.023514336,0.015073995,0.018538564,0.0352753,0.014460629,0.0092006745,0.004751838,0.016688595,0.024603164,0.019702386,-0.009984155,0.011603972,0.027422344,0.0051185815,0.007247798,0.03548579,0.8431725,0.09162416,0.050017096,0.012544618,0.008900507
18.0,0.11410487,0.16319238,0.083397575,0.1539666,0.112588994,0.052092653,0.027934972,0.03763802,0.02358971,-0.015485166,0.01864186,0.0056108357,0.010073591,0.018794043,0.009009397,-0.00432885,-0.0047944495,0.015887657,0.045192577,0.016983228,-0.01192045,0.013238229,0.03302458,-0.0044444613,0.0056503015,0.01630194,0.8113495,0.089087725,0.0614913,0.00843825,0.0070015197
18.1,0.11191282,0.16371341,0.080880836,0.1556304,0.11856109,0.05475353,0.02650223,0.033127736,0.017128183,-0.014997345,0.016495893,0.0034092537,0.008894525,0.018147705,0.0053701964,-0.0068326667,-0.010789276,0.011066504,0.04139373,0.014196584,-0.012450543,0.016980622,0.028297605,-0.0032994389,0.0099322405,0.006717378,0.8116976,0.09047587,0.062628835,0.006246261,0.013884242
18.2,0.11821237,0.16491193,0.08236584,0.1559115,0.119373925,0.04994874,0.027582826,0.03210956,0.021781357,-0.010891384,0.016083775,0.0016887162,0.011541496,0.022816068,0.006794603,-0.00074994593,-0.0085671265,0.010595873,0.025612023,0.014021665,-0.014351505,0.011336529,0.033981636,-0.0020570934,0.0077538625,0.007757666,0.8202626,0.08158549,0.056587104,0.0065250145,0.006888569
18.3,0.116648,0.16673835,0.08311829,0.15863256,0.11943829,0.05095665,0.027140051,0.034154985,0.020273447,-0.013084238,0.01460942,0.0055218493,0.013114893,0.015591104,0.008536324,3.3887025e-06,-0.007003586,0.012620642,0.029533923,0.021925673,-0.009925748,0.011591406,0.02716371,0.001604406,0.009548107,0.014149723,0.8090347,0.08456523,0.07021546,0.009614146,0.013573827
18.4,0.11886901,0.16626064,0.08359631,0.1579968,0.117751054,0.050765824,0.02172741,0.033350445,0.017529171,-0.011676789,0.009653065,0.0013926079,0.00999565,0.022191547,0.003548045,-0.0015221356,-0.012471581,0.013167458,0.017849766,0.0153942015,-0.015491383,0.0070144534,0.031079052,0.003290778,0.0051850113,0.01102642,0.7978808,0.08307922,0.064784124,0.009912491,0.008638107
18.5,0.11418036,0.16602565,0.08121904,0.15646848,0.11137027,0.04682903,0.026332071,0.032827932,0.021236943,-0.013981751,0.008539829,0.0062080724,0.008869154,0.01862148,0.0032351424,-0.0012895316,-0.010312204,0.010657833,0.016235258,0.00980409,-0.014921529,0.0017945813,0.03025909,-0.0021458452,0.005590409,0.015756726,0.8063888,0.08633925,0.054174423,0.006635532,0.009020899
18.6,0.11425025,0.16141933,0.08040212,0.14992675,0.10860259,0.044719595,0.0251874,0.032882843,0.017679557,-0.0104374625,0.008866199,0.0020810983,0.0059912344,0.01673481,-0.0051909992,-0.011754105,-0.02023192,0.008825226,0.0050863912,0.015072348,-0.016980343,-0.0024852336,0.019698849,0.0067320946,0.000968233,0.016699625,0.8167536,0.07895057,0.05189718,0.00184559,0.004131777
18.7,0.11013509,0.16097255,0.07625329,0.14994633,0.105650656,0.041730028,0.027871117,0.03108182,0.016060364,-0.012543551,0.016175065,-0.00014623233,0.007285906,0.017181244,0.0006078162,-0.0043133837,-0.014419546,0.0038776223,0.0016822164,0.0139163,-0.01351141,-0.006309005,0.03073541,0.0036658747,-0.0022688997,0.015097861,0.8215338,0.07428279,0.047664,0.0018626332,-0.0053288764
18.8,0.11575634,0.16477902,0.07997908,0.15169084,0.10338187,0.041684903,0.032004993,0.029713342,0.014776476,-0.005742065,0.022525493,0.0040780683,0.010640631,0.024034679,-0.0014636712,-0.0009758594,-0.012630757,-0.0028717828,0.0031712179,0.013137983,-0.012320447,-0.006667455,0.031191759,0.008626953,-0.0010718259,0.01624927,0.83541584,0.071841285,0.04223061,0.0067767976,-0.001005216
18.9,0.11370622,0.16632788,0.08261061,0.14974478,0.11765269,0.04896037,0.032839242,0.042699,0.028665943,0.008613057,0.026761856,0.017383996,0.020756507,0.033322524,0.018917717,0.010058103,-0.0034560652,0.0106908195,0.005584982,0.024483409,-0.0074124467,0.007469078,0.022839392,0.01528235,0.0072374586,0.023272727,0.80648464,0.094809204,0.04678746,0.011772577,0.02372875
19.0,0.12262721,0.16186196,0.082014464,0.1536245,0.10864403,0.048395604,0.032738235,0.040480018,0.02694879,0.004072465,0.026903173,0.013865352,0.01790544,0.03661432,0.01136023,0.0032910383,-0.00059162,0.012050701,0.0067006047,0.023778606,-0.0055992664,0.002750144,0.03570737,0.013643657,0.006849424,0.018693293,0.82697153,0.08504674,0.04466706,0.013304624,0.019587582
19.1,0.10910774,0.1633243,0.082066596,0.1546298,0.10299833,0.047225498,0.02974649,0.037257444,0.022898223,-0.0052187312,0.015931224,0.0026738008,0.014071817,0.029785791,0.009762161,0.007575575,-0.009268988,0.006912594,0.003201245,0.019444507,-0.011334504,-0.00041854646,0.030371496,0.0076497016,0.001987482,0.016062442,0.818039,0.08104503,0.048207507,0.0056129373,0.016582211
19.2,0.11122825,0.16318023,0.08271389,0.15313034,0.10036125,0.04915157,0.031186635,0.04086954,0.022628931,-0.0043284823,0.01697721,0.009179115,0.018470649,0.02761832,0.0070662526,0.0032671436,-0.012380492,0.010536183,-0.000779827,0.020304434,-0.0062152673,0.008392819,0.029316384,0.010770655,0.004056317,0.010044041,0.8268946,0.07840674,0.05429988,0.0101445075,0.0142912185
19.3,0.11779727,0.16489278,0.083969936,0.15418671,0.10201741,0.046134803,0.03593468,0.042130526,0.02330955,0.001447724,0.017176941,0.013098724,0.01706351,0.027780397,0.011084516,0.0035212093,-0.01062625,0.009215222,-0.008226895,0.021794934,-0.008183916,0.0036633455,0.033464067,0.008618114,0.0070268586,0.017164705,0.8171561,0.079673186,0.05154675,0.0054672793,0.016053602
19.4,0.116237625,0.16260926,0.082934804,0.15389672,0.10417177,0.044408146,0.032464966,0.038953915,0.018558482,-0.0027525884,0.014010976,0.010732854,0.010544033,0.027527219,0.0064960574,-0.002311182,-0.023642166,0.0074676126,-0.018055247,0.016611254,-0.015716327,-0.0022353218,0.02895478,0.0017118189,0.0040338812,0.01581084,0.82272,0.07241729,0.050162002,0.006649061,0.004200522
19.5,0.11909014,0.16465019,0.08278653,0.15434098,0.097895056,0.049151946,0.03403035,0.04106663,0.020888515,-0.00088258134,0.014493191,0.012204327,0.012082643,0.028227204,0.0046256473,-0.0028068882,-0.024316352,0.004239868,-0.015556602,0.013341876,-0.01408203,-5.127954e-05,0.029263092,-0.00022375434,0.0033476513,0.009292938,0.81261826,0.07855291,0.054259844,0.0053597484,0.010944248
19.6,0.11394265,0.16183655,0.08309645,0.15568107,0.10392733,0.04609161,0.035916682,0.043871127,0.023421163,-0.0024676765,0.01358343,0.013669241,0.013326574,0.031714126,0.0049951975,-0.00096195703,-0.02323089,0.008157196,-0.018018644,0.016613415,-0.011132208,-0.00048766236,0.029051328,-0.00031554184,0.0029225496,0.0026125999,0.8062016,0.080480546,0.05593955,0.013047042,0.017904487
19.7,0.105407424,0.15073983,0.07900439,0.14784613,0.10536558,0.050148528,0.03471425,0.04540299,0.026531497,-0.004260039,0.012744515,0.0086233355,0.008914141,0.024705078,0.0046397443,-0.0048434986,-0.022029964,0.008339323,-0.012709109,0.015566511,-0.01510552,0.0028011196,0.019221123,-0.00756345,0.004248578,0.0011823055,0.79638594,0.07977185,0.05307383,0.0065374016,0.015678251
19.8,0.098162256,0.14733043,0.0739881,0.14198169,0.10231971,0.047940385,0.032438118,0.041629344,0.021297786,-0.0024286928,0.012427282,0.01236983,0.009015535,0.022074694,0.005102785,-0.000953268,-0.021960502,0.006721916,-0.010447935,0.01510663,-0.013008137,-0.0037824234,0.017068148,-0.013722587,0.0035648844,0.0064821276,0.8030018,0.07693801,0.044533785,0.0070560784,0.02091154
19.9,0.10001101,0.14210689,0.07643025,0.13992263,0.10373678,0.04158594,0.037327368,0.039046455,0.023135634,0.011386792,0.017943813,0.023205679,0.018007182,0.034098353,0.015173092,0.00069155596,-0.020225413,0.006590492,-0.018148273,0.017283306,-0.011941651,-0.0038784966,0.018900163,0.0023358488,-0.00019684607,0.019077878,0.82341117,0.08219562,0.04302348,0.010819472,0.020089082
20.0,0.0985451,0.13683487,0.072039425,0.13478982,0.09754177,0.036063958,0.036567565,0.03738001,0.018770175,0.012283256,0.01451386,0.016553322,0.015611473,0.031871803,0.010626579,-0.0044368543,-0.024646802,0.004333854,-0.028185343,0.009865635,-0.01814883,-0.009774123,0.021435019,-0.0022569187,-0.0037136406,0.012530975,0.82118684,0.07959199,0.043065883,0.003546049,0.011826061
20.1,0.087930545,0.13048668,0.06939847,0.1324396,0.08781515,0.03820949,0.037008893,0.03584999,0.016477324,-0.00096684427,0.009493775,0.0063222405,0.011218482,0.02004608,0.004923761,-0.009827585,-0.0247608,-0.000114494316,-0.024227822,0.017287446,-0.014220982,-0.011152489,0.029316787,0.0019536985,-0.0062242574,0.008564239,0.8185665,0.06700376,0.04635881,0.0073825354,0.009190812
20.2,0.08859789,0.12975594,0.06687799,0.133221,0.0847482,0.036860876,0.03309858,0.03600418,0.014280843,-0.0070001977,0.005981071,0.005643305,0.009327913,0.016624887,2.0842872e-05,-0.01327485,-0.029211238,-0.0020306162,-0.020200629,0.014995416,-0.019278917,-0.013496755,0.032500386,-0.0031362216,-0.0055738264,0.010097162,0.814599,0.06593401,0.05051398,0.0041447585,0.009107982
20.3,0.094940424,0.1354269,0.068255134,0.13264886,0.0892782,0.038114514,0.029514218,0.034942977,0.008551499,-0.009453023,0.00450065,-0.0019266879,0.011102092,0.017853796,0.0026479096,-0.0093973065,-0.030712556,-0.0023411994,-0.024966829,0.012846182,-0.02114795,-0.010414915,0.024613399,-0.009113926,-0.00916856,0.002951834,0.821798,0.062337045,0.04386143,0.0015852852,0.0025292074
20.4,0.09587813,0.14282487,0.073799975,0.13744165,0.08732615,0.040124487,0.033773698,0.04057464,0.02017045,-0.0041141124,0.00667133,0.00935142,0.013967458,0.026241941,0.0035548771,-0.004805006,-0.02406691,0.00032489508,-0.024858102,0.018377269,-0.014969463,-0.0058949175,0.03274326,-0.004655715,-0.008825883,0.008629286,0.82580334,0.06767922,0.039182004,0.005652822,0.009052437
20.5,0.10454395,0.1447778,0.075648695,0.14423773,0.08794308,0.03945659,0.034671802,0.037392758,0.012880635,-0.006146511,0.008441125,0.009078793,0.010022241,0.025874533,-0.0009992471,-0.010736278,-0.031726815,-0.0075466763,-0.032805428,0.009482235,-0.021515338,-0.017245026,0.031400613,-0.008350072,-0.0054369704,0.010669298,0.8452847,0.07013748,0.042771745,0.0044163964,-0.0025798802
20.6,0.103528194,0.14209548,0.07463429,0.139914,0.0824367,0.03591813,0.031688333,0.033809464,0.009726358,-0.0069407937,0.0052579353,0.002640198,0.00857491,0.02336952,0.000686258,-0.011193406,-0.034900356,-0.005699321,-0.043164656,0.00946064,-0.025999416,-0.016552346,0.025460558,-0.011369149,-0.008646595,0.012474782,0.81079435,0.061251875,0.048796706,0.0025267927,-0.0030681812
20.7,0.10379447,0.14312808,0.07703125,0.144897,0.083067484,0.03607435,0.03305671,0.035473578,0.012650449,-0.0086517185,0.0050850897,0.007196801,0.0081276605,0.023438154,0.0063458327,-0.005133971,-0.033749282,-0.0034021044,-0.03791243,0.010118655,-0.017969435,-0.015576617,0.031904634,-0.011936481,-0.008830956,0.005657938,0.8077181,0.058260344,0.051644005,0.0033241352,-0.000166281
20.8,0.105733134,0.14661749,0.07967151,0.14487283,0.08458862,0.038123287,0.033767458,0.03584251,0.014808489,-0.00787382,0.0059228064,-0.0014585177,0.009861126,0.018974563,0.003351378,-0.0038876238,-0.030640895,-0.00086280896,-0.036657657,0.012878484,-0.02331864,-0.015161718,0.029306147,-0.00843677,-0.005096928,0.007321676,0.8076146,0.0645877,0.049876407,0.002122938,0.001246443
20.9,0.10585862,0.147575,0.075131305,0.14660937,0.08771144,0.04134657,0.03525927,0.036616165,0.015527946,-0.005113564,0.006901541,0.008151359,0.011456231,0.023333566,0.0025315874,-0.006983681,-0.035184436,-0.003434044,-0.038326528,0.0101851495,-0.020183975,-0.015003117,0.030660842,-0.008614363,-0.00704149,0.012115944,0.8134169,0.0694707,0.04751457,0.0016943092,0.0018621346
21.0,0.10709333,0.1470152,0.07865967,0.14268994,0.09216949,0.03803074,0.036826108,0.03608017,0.015562411,0.0063226237,0.012028718,0.019995369,0.018241618,0.0359751,0.00806697,-0.0072657256,-0.03198496,-0.004750118,-0.04002219,0.008199408,-0.020654213,-0.020363856,0.021286784,0.007565147,-0.008184817,0.015367803,0.8027324,0.0781752,0.04111571,0.005488627,0.0029025204
21.1,0.10533538,0.14268203,0.07846752,0.14149524,0.087427996,0.036299475,0.036152583,0.04059229,0.013532687,-0.0044160546,0.0087979,0.011260213,0.010642113,0.02142967,0.0032471637,-0.013551855,-0.024643319,-0.006228683,-0.03535824,0.009246041,-0.023142397,-0.017938718,0.028508266,-0.0021527202,-0.006199383,0.0063449885,0.808508,0.0656523,0.04443128,0.0045191827,-4.2256812e-05
21.2,0.1063561,0.1396182,0.07555074,0.13995177,0.08539714,0.04070139,0.033961345,0.035576046,0.015229625,-0.005375796,0.0049379314,0.010519335,0.011512813,0.02432456,0.0043744952,-0.012866295,-0.04063603,-0.0043153535,-0.043399673,0.008625367,-0.023146398,-0.014659969,0.03067449,-0.005031169,-0.003361893,0.0044581057,0.80128294,0.06462617,0.045663606,-0.0005692795,-0.0004156582
21.3,0.09985186,0.13638231,0.07051713,0.13575593,0.08575519,0.037193548,0.033259813,0.034248874,0.009793101,-0.0057845195,0.0019030238,0.0080082035,0.00802243,0.021975351,0.006985043,-0.009697858,-0.03126303,-0.0018821749,-0.046062093,0.008012432,-0.024004117,-0.0152970115,0.03357376,-0.0017676236,-0.0049787033,0.013047731,0.8059469,0.06365757,0.05123563,0.0040297606,-0.002317569
21.4,0.100869775,0.1355939,0.07301155,0.13547508,0.0815375,0.032985326,0.02955079,0.03438284,0.00798773,-0.007271873,0.002754745,0.011392276,0.0077826767,0.020491859,0.006516727,-0.013353399,-0.035060998,-0.005523653,-0.042752907,0.0032875552,-0.024496578,-0.017215738,0.021883138,-0.0006124226,-0.010819706,0.013332218,0.79947376,0.07003066,0.04416102,0.0076564574,-0.00034142085
21.5,0.10548611,0.13505065,0.07654602,0.13878919,0.0759933,0.027807653,0.031163342,0.029842773,0.0108824605,-0.005207593,-0.00066105195,-0.003394841,0.006151216,0.014395994,-0.0014777683,-0.015273229,-0.03537816,-0.011352827,-0.047284678,0.003754725,-0.023699736,-0.024136854,0.025881078,0.0003989363,-0.006222989,0.015310617,0.7970489,0.05954416,0.032184068,-0.0038498403,-0.0067107715
21.6,0.10434959,0.14085634,0.077496506,0.1411509,0.08274994,0.037407905,0.032945693,0.038984314,0.018211512,-0.0021909163,0.003597929,0.010358852,0.010888144,0.021520304,0.0026972925,-0.010333804,-0.03396784,-0.0055605667,-0.04110278,0.008338965,-0.01983915,-0.014560146,0.024642102,-0.0010099303,0.0015013171,0.011728106,0.79458034,0.06589332,0.0466654,0.0032742354,-0.0009144126
21.7,0.112034984,0.15095837,0.08497838,0.14861657,0.089447916,0.04929933,0.03981669,0.04109274,0.017618448,-0.0005025104,0.01750713,0.014388096,0.015274946,0.028920451,0.0043116203,-0.002037566,-0.026767047,0.0011749631,-0.037150558,0.013743001,-0.016993284,-0.0127829965,0.037160717,-0.0001471457,0.0034976758,0.017484877,0.8055379,0.07267365,0.04620001,0.006783738,0.0072050076
21.8,0.10960662,0.14785613,0.0847106,0.14655556,0.08947166,0.044486195,0.039727222,0.04169406,0.017659673,-0.00027054528,0.014663565,0.015958918,0.018538564,0.025449915,0.0014954112,-0.0019147906,-0.023309516,0.0050444696,-0.03472688,0.015806485,-0.017005289,-0.009759226,0.032478508,-0.003028273,-0.0007869941,0.015677856,0.8062113,0.06774659,0.053373937,0.010345073,-0.00033752297
21.9,0.108344235,0.14900409,0.08482803,0.14514048,0.086820036,0.047496364,0.042097688,0.043377295,0.01994192,0.0020445862,0.010607536,0.01588378,0.016010161,0.026734442,0.0061023775,-0.002419273,-0.028768256,0.0032851666,-0.03300257,0.010185239,-0.019923186,-0.0120942695,0.028634824,-0.0051356354,0.0004169079,0.016265893,0.7927069,0.06668925,0.049278975,0.006528968,0.007473343
22.0,0.107266,0.1464376,0.08081013,0.1421366,0.08713641,0.04505121,0.04235492,0.04377442,0.025650518,0.005049398,0.014114174,0.018188678,0.017777367,0.026295312,0.011086505,-0.0045256554,-0.026758801,0.004651768,-0.032411736,0.009414301,-0.015521353,-0.012950719,0.025226211,-0.007797026,0.0021051215,0.0215911,0.77917504,0.06873354,0.046073012,0.009479909,0.011472414
22.1,0.1037858,0.14263651,0.07814859,0.14016625,0.09337297,0.04952389,0.040774804,0.04873612,0.03024245,0.014930193,0.019865034,0.021500282,0.022512814,0.03712845,0.02024379,0.007546727,-0.015557242,0.009523013,-0.033305198,0.014045869,-0.012476682,-0.010152235,0.024302777,0.0117329955,0.0016603157,0.026206221,0.7714771,0.07878835,0.046458744,0.006106752,0.016858341
22.2,0.098954834,0.1353043,0.079038076,0.13744557,0.08576997,0.044950876,0.03925658,0.04321085,0.023385307,0.0016730707,0.012165917,0.009775866,0.015962735,0.023987768,0.005936413,-0.0013868482,-0.024128309,0.0031047857,-0.030265372,0.015040045,-0.017657392,-0.015350318,0.033258222,-0.0043256194,-0.00059522036,0.009064011,0.771652,0.06748935,0.05901234,0.0016515254,0.0061275032
22.3,0.09533614,0.13049111,0.07870847,0.13692568,0.081958875,0.04896759,0.038261607,0.041724827,0.021921404,-0.0015563618,0.013198721,0.012702294,0.012140358,0.023838053,0.0065047056,-0.0037189706,-0.0265429,0.0024101404,-0.032595824,0.011915081,-0.01847254,-0.008766775,0.02719191,-0.0040311497,-0.0022063733,0.0023132968,0.7671814,0.06489334,0.052305244,0.011476955,0.006047242
22.4,0.09095242,0.13064964,0.07359084,0.13443321,0.07676143,0.052240536,0.039549153,0.045480575,0.017959718,-0.0040631834,0.0129564535,0.011320051,0.012482465,0.022748934,0.0051295087,-0.0015964264,-0.027838947,0.006299893,-0.035632804,0.011692654,-0.021970505,-0.011107797,0.0285176,-0.010364219,-0.0030749151,0.005870964,0.76276785,0.061930086,0.053110674,0.005927535,0.0030067007
22.5,0.091462776,0.12692587,0.07677387,0.13087156,0.08017351,0.04387967,0.039585143,0.043710314,0.020212602,-0.0016820297,0.014095227,0.008011443,0.012961886,0.025346264,0.0048521515,-0.0046927445,-0.030931298,0.004798551,-0.033812717,0.009708712,-0.020517219,-0.008975541,0.021743031,-0.0131848985,-0.0020204522,0.0076825917,0.7673578,0.069937766,0.05428197,0.007032095,0.011080055
22.6,0.097672045,0.132527,0.07638,0.13254659,0.07889472,0.043508034,0.03984891,0.04035745,0.016165482,-0.0040062815,0.011816107,0.015621111,0.012282728,0.02130364,0.010166738,-0.0012157621,-0.030311178,0.0038386139,-0.035814736,0.008957839,-0.021067405,-0.015422272,0.022138862,-0.012266309,-0.0061545125,0.010316964,0.7663009,0.06450402,0.0506311,0.0067637954,0.003763691
22.7,0.097123556,0.13518663,0.078905955,0.1356364,0.08106817,0.044741254,0.041875355,0.04387517,0.020509467,-0.0019169812,0.013083166,0.016135516,0.012086915,0.022064207,0.007146251,-0.0026372795,-0.029701414,0.0020693627,-0.036792584,0.009432927,-0.018399658,-0.013080539,0.023450198,-0.00931893,-0.0006842791,0.0070603164,0.76620716,0.06859039,0.05073782,0.0012414333,0.0092944605
22.8,0.100402266,0.13655216,0.07918801,0.13946845,0.07802497,0.048494317,0.03978774,0.04283738,0.01675722,0.0039857808,0.014107883,0.016432108,0.010915259,0.023378791,0.0032357478,-0.0033320503,-0.026989913,0.0042555756,-0.036115106,0.009972979,-0.020563707,-0.013055508,0.030174784,-0.01154451,-0.00571117,0.011888463,0.76051396,0.066720895,0.056398664,0.004719397,0.009876135
22.9,0.10552055,0.14257626,0.0764157,0.13850613,0.082999736,0.043285836,0.0400388,0.04394773,0.020864455,-0.0017186728,0.014695244,0.0156786,0.009515182,0.03243668,0.008928965,-0.0042707208,-0.022554688,0.0030569634,-0.030682713,0.0073225643,-0.021134157,-0.011152794,0.027348477,-0.0065801274,-0.0040243217,0.0166615,0.7457666,0.06716093,0.05389027,0.006437514,0.0065287217
23.0,0.09917507,0.13692334,0.07724606,0.1393646,0.08108807,0.049376756,0.037566315,0.04514584,0.021818671,0.001978887,0.015489075,0.01746116,0.013952811,0.02766701,0.015249198,-0.0015355167,-0.0236363,0.0023283712,-0.02970928,0.009869594,-0.020540973,-0.010044304,0.02881949,-0.006895491,-0.008083565,0.005830762,0.7373619,0.06492844,0.049644124,0.003212388,0.008085491
23.1,0.10862556,0.14116006,0.07996313,0.14147982,0.08866139,0.052438334,0.043459103,0.045391344,0.025231238,0.01380588,0.017174695,0.021320285,0.018209012,0.033995546,0.0168189,0.0028572844,-0.019819453,0.0059017804,-0.033535015,0.012893421,-0.018110346,-0.0124045815,0.016949518,0.012695603,-0.0020161604,0.024474727,0.72482306,0.06927134,0.04721724,0.005222963,0.008697107
23.2,0.108219385,0.142852,0.086474754,0.14251739,0.086079605,0.046479862,0.04305442,0.04416578,0.024827998,0.01900185,0.023765069,0.02468452,0.022832427,0.033764277,0.016603898,0.004731758,-0.019019447,0.01235762,-0.032639593,0.013169926,-0.01689222,-0.008593175,0.018809436,0.015630482,0.002522712,0.031886924,0.72233707,0.07385872,0.050356925,0.004435548,0.0115096215
23.3,0.10680741,0.14311177,0.0844736,0.14491515,0.0831847,0.047290847,0.04272593,0.04720291,0.029413171,0.004474086,0.014780468,0.0204586,0.016004756,0.027588828,0.009988147,0.0031074402,-0.022685457,0.011155865,-0.029854607,0.009666421,-0.017406734,-0.010335665,0.026645439,0.004428568,0.0009053164,0.01972292,0.7348033,0.05823251,0.056356568,0.0076925643,0.0058666095
23.4,0.10752615,0.14050232,0.08681947,0.1382296,0.084717244,0.048218098,0.041864254,0.048495885,0.027929252,0.004961019,0.017034275,0.013577987,0.012836255,0.031252712,0.010003714,0.0022176886,-0.022042794,0.012010646,-0.03017421,0.01153654,-0.017212356,-0.009822566,0.030257182,0.0046837516,0.0030404818,0.023328738,0.7401846,0.0693521,0.052853074,0.010526926,0.004421285
23.5,0.10826339,0.14357966,0.08269836,0.1433014,0.08700709,0.045921944,0.042932227,0.046498507,0.03129635,0.007096406,0.022148272,0.012211695,0.014389164,0.03220541,0.009170258,0.0025828863,-0.019524835,0.0125872195,-0.020993311,0.010289345,-0.020803636,-0.0068070046,0.033187866,0.0129776625,0.0005064543,0.032179363,0.73274225,0.06917215,0.051159576,0.0101931775,0.0069231186
23.6,0.11460337,0.14739583,0.08571322,0.14558043,0.08540599,0.049530238,0.038895585,0.04256258,0.025067663,0.0031399233,0.020410681,0.0202199,0.017661674,0.03059514,0.0122019015,-0.00029281864,-0.019980004,0.010554422,-0.020449877,0.011937756,-0.018428095,-0.0056268657,0.03364221,0.012852213,0.0014316699,0.022862665,0.73349625,0.069603845,0.05798595,0.012882495,0.0037657286
23.7,0.11095726,0.1481602,0.08667709,0.14393584,0.08790373,0.05132723,0.03873667,0.047182932,0.026281096,0.004491197,0.022379607,0.01963675,0.015659511,0.027061403,0.010764089,0.0025392678,-0.017488072,0.0098507,-0.024420546,0.012790485,-0.016912825,-0.005960284,0.032162964,0.004208921,0.00059873203,0.008353652,0.74043703,0.06589581,0.050598163,0.00974935,0.00024760544
23.8,0.1126832,0.14660633,0.08596713,0.14435111,0.085935146,0.04874975,0.04223091,0.04616512,0.023701986,0.006581708,0.022914844,0.022341644,0.0151788695,0.031683415,0.014660409,-0.0014044,-0.021351105,0.014669759,-0.022839991,0.016914753,-0.01045865,-0.0046751536,0.033333194,0.0061315475,0.001398407,0.021525241,0.7337459,0.06751558,0.058396485,0.010834056,0.0046615377
23.9,0.114484005,0.14883217,0.085811794,0.14534949,0.08637899,0.05301928,0.039789915,0.050107542,0.022722518,0.004883213,0.018834326,0.025346208,0.016350439,0.030594952,0.01651335,0.004678147,-0.021006268,0.015937312,-0.022304503,0.012230277,-0.01386245,-0.0065257777,0.034809925,0.009718224,0.0011038207,0.015653284,0.73485,0.06855759,0.056683123,0.009051544,0.0046353154
24.0,0.10706081,0.14030734,0.0803588,0.14094687,0.079905085,0.05169569,0.037995014,0.046921123,0.022959067,0.0048782895,0.021562634,0.025387665,0.016784785,0.03193781,0.018775363,0.0017782868,-0.01937134,0.011610003,-0.02400144,0.011986705,-0.017832188,-0.009016078,0.03349869,0.0018778043,0.00064292,0.011698654,0.731802,0.066482894,0.057594452,0.014458381,0.004999326
24.1,0.11043121,0.14199658,0.0839646,0.14120317,0.08226152,0.049669407,0.039212536,0.04421432,0.021722965,0.006081054,0.023054065,0.018276207,0.021712298,0.032555122,0.017975982,0.004816302,-0.019369416,0.01148268,-0.019831667,0.0150863845,-0.013633844,-0.006615669,0.03330539,0.011820318,0.0015495043,0.015441162,0.7263213,0.07233299,0.05411329,0.018787453,0.0057186666
24.2,0.11326536,0.14475584,0.082613304,0.14076099,0.089829594,0.05034197,0.04206402,0.041967265,0.02701235,0.015279755,0.026700372,0.028024705,0.027106151,0.03603193,0.018284041,0.0078694355,-0.016689623,0.007878727,-0.02795229,0.014858828,-0.008158459,-0.007814151,0.026863826,0.017407034,0.0058284192,0.026391873,0.72216743,0.08420082,0.055028223,0.013891297,0.0100533115
24.3,0.10766758,0.1415396,0.084116615,0.1379592,0.08605632,0.048587054,0.04070645,0.042351887,0.024946373,0.012947835,0.022156736,0.024847755,0.02137455,0.031885564,0.015748909,0.0014574027,-0.02191056,0.009416459,-0.03249544,0.014474168,-0.011771537,-0.010013699,0.031478394,0.01224488,-0.0002816128,0.025206497,0.7382052,0.07712248,0.05233509,0.012975267,0.0034492011
24.4,0.10876176,0.13892415,0.07910345,0.13869423,0.082109846,0.050054174,0.038244266,0.04434804,0.021500137,0.0076162694,0.021138683,0.0141123915,0.01537974,0.029692253,0.013008547,0.0018038324,-0.018195888,0.0137162795,-0.031364903,0.013138614,-0.013917281,-0.008756944,0.03747736,0.0098236725,-0.0018601856,0.015043927,0.74338716,0.06721083,0.052535985,0.007860098,0.0014056369
24.5,0.11083598,0.14415039,0.08352602,0.14350662,0.08046777,0.047418438,0.039047603,0.04499263,0.024144066,0.004585468,0.019716753,0.018043986,0.015898917,0.030420518,0.014184828,0.007349835,-0.017824385,0.018172482,-0.019055862,0.015861822,-0.016664213,-0.0071391053,0.027469615,0.013348473,0.0014344011,0.022293871,0.7580123,0.069550656,0.052458078,0.017106585,0.0015324074
24.6,0.115738995,0.15315649,0.08697377,0.14790922,0.08728506,0.05348832,0.040230513,0.04790045,0.026713036,0.0061659627,0.02267767,0.017932894,0.017693322,0.030959833,0.017229185,0.003804557,-0.016699152,0.017729253,-0.02298061,0.018904274,-0.011943098,-0.0074714087,0.034948327,0.020680223,0.0010387581,0.020873243,0.76236105,0.06740957,0.051109456,0.014853362,0.0014954659
24.7,0.12041182,0.15945204,0.08724467,0.1499901,0.087558135,0.054204576,0.04116831,0.047484696,0.027225371,0.006052805,0.023835314,0.020987174,0.021211777,0.030617986,0.018182682,0.007326201,-0.01889995,0.015846293,-0.025752543,0.017146539,-0.010967118,-0.0024722617,0.03320764,0.016540678,0.0032468871,0.017919151,0.7532777,0.0678355,0.060367137,0.012628956,0.0044896756
24.8,0.12381615,0.15676418,0.0890066,0.15201311,0.0857325,0.05331716,0.038242523,0.042385716,0.022712775,0.0076318467,0.020134712,0.020381596,0.019500196,0.027029194,0.020055253,0.0072334027,-0.01642103,0.014978248,-0.022374764,0.017841894,-0.013427971,-0.008979899,0.032678228,0.020730669,0.006617364,0.015253882,0.7597013,0.07153166,0.057502035,0.013550257,0.00065281015
24.9,0.11748585,0.15210241,0.08461792,0.14556031,0.08197459,0.047838807,0.036712255,0.043440666,0.024877442,0.0059428755,0.01764605,0.01597317,0.017664291,0.028394056,0.012282679,0.005016583,-0.015565306,0.013133511,-0.023135064,0.019237645,-0.014948264,-0.006124865,0.037036568,0.018935902,0.0032187942,0.022508975,0.76122534,0.067223415,0.05782869,0.010469911,0.0007386526
25.0,0.11535692,0.15079014,0.08194702,0.14676246,0.08399532,0.051520046,0.037560657,0.04701256,0.02020856,0.0022816362,0.017739212,0.01805443,0.01972016,0.036003843,0.016922856,0.0067838347,-0.015399257,0.013012035,-0.020215644,0.016143095,-0.0073506334,-0.004847538,0.035099473,0.022215698,0.0038058208,0.019317104,0.7527231,0.075748414,0.058522146,0.011089178,0.00052267336
25.1,0.11620969,0.1555934,0.08391677,0.146891,0.0855239,0.05100881,0.04095737,0.043653075,0.022962712,0.005861357,0.016035471,0.018947612,0.022269573,0.03213219,0.018139092,0.006216792,-0.013132204,0.01345666,-0.01816525,0.01739578,-0.012382004,-0.004730994,0.036991406,0.030457644,0.004505902,0.020683886,0.75978726,0.0718904,0.05452187,0.014841678,0.0019866903
25.2,0.11188476,0.1549396,0.08611596,0.14786665,0.08363215,0.049930193,0.039890632,0.04311598,0.020301681,0.0036835966,0.018170428,0.0153142335,0.018417554,0.030136066,0.016190674,0.006188553,-0.014264493,0.01887917,-0.023513839,0.014021935,-0.013772285,-0.006352481,0.03879572,0.027286332,0.0063409214,0.016839474,0.7568609,0.07472122,0.06011345,0.017440245,0.00026718352
25.3,0.1223464,0.1566368,0.08539844,0.15045461,0.08921721,0.04757093,0.040163465,0.046851996,0.030415969,0.0070539517,0.018219931,0.014965413,0.024017073,0.036286984,0.01935732,0.0058163167,-0.018808402,0.009087725,-0.025975391,0.012486987,-0.01526993,-0.006057269,0.0360489,0.026968826,0.0044204528,0.019480351,0.7418562,0.07490648,0.05757284,0.009987253,-0.00032290583
25.4,0.120125785,0.15458226,0.08645076,0.14611822,0.09391261,0.050167575,0.04291365,0.042185806,0.039046206,0.019649966,0.02484393,0.034817625,0.029776402,0.04853096,0.025239939,0.007004274,-0.014913296,0.013046069,-0.03247238,0.013454978,-0.011117648,-0.007968699,0.024511931,0.028473856,0.0013264187,0.040702134,0.7163126,0.08869175,0.05127515,0.018587502,0.0030034229
25.5,0.1184724,0.15326926,0.08869169,0.14212878,0.08984822,0.056267083,0.04190576,0.041068226,0.029571908,0.014463438,0.02241855,0.02501504,0.021820666,0.036175936,0.01632265,0.005121459,-0.018254904,0.013272003,-0.028381208,0.015287667,-0.012403375,-0.006155572,0.041622132,0.017549448,0.000904536,0.019945432,0.72811157,0.06752099,0.053268548,0.021531152,0.0031197397
25.6,0.12249931,0.15345554,0.0885073,0.14580223,0.0914641,0.06227186,0.040198296,0.045347463,0.03102547,0.0066638724,0.02188908,0.021395912,0.020203067,0.035937086,0.019001521,0.0078033996,-0.016390787,0.011904791,-0.020308178,0.012850051,-0.012167277,-0.0035254178,0.027684892,0.021388719,0.002805788,0.022004055,0.73171395,0.07572032,0.055471074,0.016444884,0.0075608687
25.7,0.114256114,0.15470865,0.088685796,0.14705376,0.0816766,0.052539412,0.041103292,0.049666785,0.027287873,0.0052197804,0.022902189,0.01964663,0.022109505,0.033399396,0.021226259,0.0052740374,-0.016212275,0.015527768,-0.029672971,0.010785668,-0.020246895,-0.008890616,0.027753038,0.012031126,0.001277256,0.028410746,0.73123956,0.074622296,0.050857,0.015032404,0.0006267651
25.8,0.11020613,0.14996454,0.08518501,0.14036271,0.084902205,0.054003045,0.040667195,0.04318658,0.02679754,0.003928637,0.020364398,0.020330586,0.024287691,0.034522127,0.022036884,0.0071519,-0.01487829,0.012085172,-0.028378656,0.015312861,-0.01442362,-0.011280587,0.0266906,0.01325981,0.0025826048,0.020593274,0.7251994,0.06383379,0.057704266,0.013043791,-0.00072270667
25.9,0.109824695,0.14151973,0.08194702,0.13931195,0.08845711,0.055096723,0.0413561,0.04333305,0.026086038,0.005233421,0.021496357,0.018321713,0.021224158,0.03489909,0.01802969,0.008965638,-0.014346968,0.014236915,-0.026081664,0.016105304,-0.013722988,-0.0066890414,0.034211162,0.011836748,0.00070193474,0.028613744,0.7223328,0.07258563,0.04932117,0.01504444,0.0010755555
26.0,0.10469851,0.14038305,0.08232813,0.13460799,0.07986772,0.04829042,0.038802415,0.0443978,0.026433868,0.007110611,0.022999095,0.018796846,0.018884245,0.030412653,0.012072779,0.0071625873,-0.017784523,0.014423666,-0.022583092,0.013587427,-0.013573564,-0.0048993244,0.030183315,0.013389456,0.0052021793,0.023968631,0.72332853,0.071055375,0.052220646,0.021538354,-0.00025894478
26.1,0.10153024,0.13369593,0.07557265,0.13001662,0.07859487,0.04844129,0.036763776,0.041798856,0.018800665,0.0063257716,0.017108342,0.013925836,0.013989516,0.03383675,0.011464704,0.005952386,-0.017357394,0.012904085,-0.024506213,0.011064872,-0.019339198,-0.009028239,0.03267913,0.0048653623,-0.002533052,0.016492018,0.71807134,0.06673783,0.051991656,0.0091906125,0.0005894692
26.2,0.10218024,0.13099422,0.07720794,0.12866203,0.07473849,0.043737512,0.03446464,0.03842736,0.017055541,0.0056376243,0.020905104,0.018566243,0.014878872,0.033863433,0.013809138,0.0023302976,-0.017872037,0.012718294,-0.026819296,0.00895316,-0.016992945,-0.011898475,0.032394703,0.014960379,0.0005826371,0.016494278,0.7228171,0.06251398,0.05710416,0.014199218,0.0008906708
26.3,0.1000156,0.13035429,0.082400225,0.1310743,0.081226125,0.04587265,0.033956047,0.04123443,0.018187517,0.0052077547,0.017925164,0.022523908,0.021232963,0.036870494,0.012300581,0.007267724,-0.017382594,0.010134144,-0.024918942,0.012058868,-0.013330909,-0.007965962,0.028594177,0.014757072,0.00050781993,0.022255657,0.7219559,0.07545581,0.05186013,0.017844804,-0.0028315608
26.4,0.10775519,0.12804228,0.08560051,0.13106528,0.08066297,0.044651378,0.03066854,0.039088987,0.023149883,0.014376189,0.021115318,0.02356146,0.022921616,0.036111146,0.018173773,0.006301509,-0.015336667,0.01120456,-0.031086218,0.012010909,-0.011170351,-0.010735159,0.028697047,0.021173982,-0.0014519593,0.02675288,0.703715,0.0765876,0.051665206,0.016162792,-0.0057162745
26.5,0.10290229,0.12698478,0.087010995,0.12542212,0.08413255,0.04950895,0.034261465,0.03423159,0.033635665,0.027325962,0.024735564,0.032678958,0.02542735,0.048903234,0.026799696,0.009117608,-0.012051142,0.015024499,-0.035792165,0.012057518,-0.008662328,-0.011199716,0.023569228,0.025070218,-0.0037263215,0.048422217,0.6688661,0.08940019,0.047403213,0.0154174585,-0.0043361513
26.6,0.099387534,0.11778687,0.07927688,0.12210984,0.07399981,0.044789053,0.035768293,0.03953428,0.02328993,0.0077547706,0.021958727,0.018279526,0.01645872,0.034234494,0.015360937,0.006626825,-0.019372072,0.008975849,-0.027345855,0.005657417,-0.015941612,-0.010112204,0.029045606,0.0119911255,0.0036627222,0.021871071,0.6942124,0.07165177,0.045500174,0.01373905,-0.0037345453
26.7,0.09684248,0.12072628,0.07992958,0.120520905,0.07436437,0.045439336,0.035925753,0.03834806,0.021388788,0.0073305503,0.01761909,0.019915612,0.016083833,0.037882835,0.015384202,0.005651921,-0.022017319,0.012879825,-0.032997955,0.008538897,-0.0182275,-0.009386487,0.02400179,0.008332483,0.00045797438,0.01951965,0.6925139,0.06506079,0.054993536,0.014401892,0.000669642
26.8,0.10546953,0.12852184,0.08100297,0.1310969,0.07199071,0.044707023,0.034780428,0.039732102,0.022250678,0.0073961685,0.021473441,0.015848232,0.01924684,0.034677744,0.021387814,0.012466602,-0.014383716,0.01484342,-0.026653852,0.011372239,-0.014284498,-0.011918541,0.028136123,0.004022489,-0.004372265,0.02087731,0.70246756,0.070608795,0.054074183,0.0156464,1.6831854e-06
26.9,0.10596051,0.13572349,0.08177365,0.13372666,0.07678133,0.045247264,0.035140555,0.03995665,0.020576673,0.0069307857,0.021113595,0.01712068,0.017406663,0.03639541,0.02033901,0.0067340466,-0.011358352,0.016755091,-0.025338832,0.009527674,-0.014698713,-0.008109059,0.029365262,0.012716496,0.00033584787,0.024099808,0.69955915,0.06831559,0.05421178,0.015404105,0.0027193187
27.0,0.106264025,0.13881898,0.07921207,0.132475,0.07742503,0.046114266,0.034439314,0.04045967,0.01992946,0.0065644355,0.019371286,0.019289551,0.024071999,0.0390536,0.012656553,0.011277689,-0.013344714,0.017682042,-0.021462856,0.009833602,-0.014448141,-0.0069300346,0.029855734,0.008883387,0.005085223,0.022596246,0.69944555,0.06821339,0.054719985,0.018569931,0.004074283
27.1,0.103324026,0.13236281,0.078095555,0.13121812,0.07290889,0.041502167,0.03556091,0.03779883,0.021818938,0.0018892164,0.019692337,0.010105496,0.017794978,0.034269698,0.011302198,0.0026929758,-0.012756852,0.011016588,-0.023434944,0.00869582,-0.012734236,-0.0063345437,0.028489498,0.012168182,0.0011006017,0.025518177,0.69350517,0.067458056,0.055446062,0.013266584,-0.003097681
27.2,0.097973265,0.13361531,0.07372331,0.13060221,0.07352395,0.0447837,0.03277401,0.03624821,0.025692208,0.00362161,0.018625833,0.015645402,0.014234588,0.02531387,0.0055043343,0.0017066026,-0.018847074,0.011945632,-0.02742946,0.0066786758,-0.01724854,-0.01240671,0.030682217,0.00832284,0.0026710783,0.023996547,0.69718814,0.07090388,0.051616114,0.012742196,-0.0064224154
27.3,0.09974295,0.13044472,0.07504936,0.12847707,0.07587841,0.048620913,0.03217058,0.03482237,0.024890564,0.006119634,0.017837618,0.022754269,0.017666994,0.03370426,0.011571254,-0.0027019253,-0.023117991,0.009345424,-0.029456206,0.008666397,-0.018267263,-0.015623133,0.02860612,0.0032335448,0.00039261914,0.023457838,0.7034022,0.07144408,0.052610908,0.010074665,-0.005666665
27.4,0.09967447,0.12826574,0.0749169,0.12610425,0.07177642,0.051990457,0.03294816,0.03550986,0.018874366,0.005216552,0.020789623,0.01690449,0.013643572,0.029680362,0.010402928,-0.0047889315,-0.018461917,0.007974285,-0.029857943,0.0076099564,-0.02028589,-0.014033163,0.026193405,0.0014473494,-0.0048802802,0.018613338,0.6946521,0.06473316,0.05113117,0.011568145,-0.005614575
27.5,0.10411456,0.1343938,0.07798243,0.1285156,0.07668588,0.042517733,0.03310366,0.033415284,0.025500463,0.014052778,0.026008466,0.025836727,0.02213627,0.038319625,0.022801755,0.0038362718,-0.018166473,0.011783402,-0.03331952,0.009083539,-0.01745007,-0.01546443,0.02733553,0.0034226556,-0.0056554717,0.030071322,0.6783844,0.07402262,0.048457183,0.022032522,-0.005033876
27.6,0.101308465,0.12897035,0.078575514,0.12565829,0.079652265,0.04179644,0.0362935,0.029641394,0.02550444,0.023195706,0.024972815,0.029009629,0.024431543,0.047250926,0.023390805,0.0076158047,-0.014875815,0.01323221,-0.038973194,0.0032207908,-0.012262635,-0.015825413,0.013035783,0.009442326,-0.0004880183,0.041644853,0.6457324,0.07578352,0.044276185,0.013665255,-0.006976715
27.7,0.10234883,0.12900901,0.07790258,0.12725414,0.07255235,0.04520855,0.033923104,0.03172788,0.016451145,0.007218442,0.022405518,0.02127316,0.015845822,0.03389817,0.015598425,0.0014775612,-0.01935411,0.00920632,-0.03437362,0.007488755,-0.01771052,-0.01627943,0.024440674,-0.0011799335,-0.003868835,0.02480845,0.69020504,0.060236555,0.05070283,0.019745212,-0.0061236056
27.8,0.09923718,0.12850504,0.074189335,0.12387459,0.07240068,0.042410433,0.032859705,0.034004714,0.020762186,0.010561354,0.019949583,0.024307765,0.016795596,0.033495557,0.01591375,0.004623754,-0.018513784,0.011347329,-0.03211333,0.004672779,-0.017733337,-0.015144186,0.028915739,-0.0019486091,-0.0047099665,0.019578734,0.6845928,0.06637803,0.05114527,0.015089947,-0.00407508
27.9,0.10026389,0.12630716,0.0734538,0.12371889,0.07375687,0.04595157,0.033354145,0.031918842,0.014626288,0.005973869,0.016575651,0.017579539,0.014590731,0.032923095,0.01909432,0.0054744054,-0.01816739,0.012638881,-0.033688486,0.006354662,-0.018344145,-0.014418875,0.023279883,-0.0046833945,0.0006579419,0.02187866,0.6737407,0.06441794,0.047792546,0.012649425,-0.010297374
28.0,0.10366758,0.12933308,0.07898616,0.12782276,0.07129254,0.040561784,0.028720241,0.031077163,0.019277541,0.006114388,0.015107437,0.016548058,0.0105061075,0.030034944,0.019952422,-0.0007339582,-0.019557,0.0073040742,-0.033856582,0.001459456,-0.020841185,-0.015558477,0.024818238,-0.0050487584,-0.0071017733,0.021039473,0.6749711,0.0608934,0.049847692,0.019770864,-0.0136110345
28.1,0.10428507,0.13101766,0.08014197,0.12768364,0.07657263,0.04289796,0.031015823,0.028709505,0.018268047,0.008798371,0.017251756,0.019276677,0.0145140095,0.035782594,0.018757546,0.0027159147,-0.018111948,0.008685075,-0.028755274,-0.00017590854,-0.019130088,-0.015163846,0.026842952,0.00093117874,-0.0055645597,0.025366854,0.6762513,0.06895994,0.05024454,0.019580051,-0.008054396
28.2,0.10107867,0.12994774,0.07537468,0.12316216,0.074085824,0.042809766,0.032269627,0.030239405,0.017363274,0.005112757,0.017288152,0.022886088,0.016462905,0.032756243,0.015272636,0.0017636024,-0.014284746,0.00897803,-0.03520899,0.0009827483,-0.016298443,-0.015914291,0.026713183,0.0011962731,-0.0053675184,0.032829735,0.6831039,0.06365686,0.039875768,0.013570287,-0.014351104
28.3,0.105653934,0.1364914,0.078418516,0.13166904,0.07468588,0.042878043,0.032327678,0.034876425,0.018422345,0.009919213,0.013659967,0.016883519,0.015862124,0.037677128,0.016908325,0.002266955,-0.014858955,0.008007446,-0.027549177,0.006794119,-0.015962984,-0.010282663,0.024700113,0.010116,-0.0043686563,0.025732739,0.68370074,0.0662026,0.047445923,0.010766498,-0.011591035
28.4,0.100063555,0.13821806,0.07741707,0.1314394,0.07513018,0.042169563,0.031063061,0.030943317,0.021665435,0.007890769,0.013231748,0.013649161,0.0151475705,0.028650232,0.0135746775,-0.0031339414,-0.021208972,0.008733071,-0.02996039,0.005758553,-0.01651334,-0.011966071,0.022128524,-0.0005841185,-0.005328988,0.023248697,0.6912702,0.062024046,0.0421209,0.0076575116,-0.012439183
28.5,0.11011583,0.14098004,0.08044968,0.13336626,0.0768066,0.04401037,0.030736096,0.028693816,0.020262709,0.007475185,0.017422054,0.020234393,0.01169459,0.032222077,0.008943062,0.0029798858,-0.02151358,0.0046693087,-0.032613095,0.0057586427,-0.01911851,-0.014796074,0.022316502,-7.535861e-05,-0.0045141936,0.01902015,0.693288,0.065769665,0.04631754,0.010698149,-0.013110153
28.6,0.10986984,0.14012818,0.079203054,0.13329141,0.07968823,0.045037515,0.033853155,0.03358492,0.023670107,0.018495144,0.021805054,0.02705792,0.021020323,0.04000443,0.021266907,0.0016287494,-0.020081174,0.007279552,-0.03500841,0.0069972905,-0.014817571,-0.012658953,0.020099396,0.0011462722,-0.002319916,0.034894682,0.67589885,0.080908164,0.05125683,0.01799582,-0.0034027807
28.7,0.11292525,0.14142045,0.08065937,0.13108487,0.08239631,0.042292364,0.033277445,0.029333869,0.025365321,0.026699558,0.028907748,0.032208197,0.024904775,0.048667755,0.03227506,0.008216734,-0.012361523,0.011745092,-0.038050395,0.004204529,-0.01184178,-0.017162027,0.015482219,0.011703887,-0.0025785079,0.046392415,0.6620576,0.079895414,0.04772359,0.014377118,0.0035556848
28.8,0.1064256,0.13656957,0.07408245,0.12674235,0.06721313,0.037825905,0.026362691,0.031480905,0.016660254,0.004348983,0.019201286,0.015123144,0.013662403,0.02659156,0.011470065,0.00078878563,-0.018793099,0.0070576323,-0.03481765,0.0020952462,-0.0193197,-0.020043105,0.015791034,-0.0049680425,-0.0018691598,0.022100179,0.70063657,0.06920947,0.04954306,0.011761507,-0.008113131
28.9,0.103379115,0.1349785,0.078053065,0.12961169,0.0768116,0.0430558,0.029026454,0.03669326,0.020712942,0.0034180556,0.01611036,0.0133668175,0.014963004,0.031398404,0.014694917,0.0029082887,-0.020744547,0.0057330937,-0.029810056,0.005124382,-0.017055267,-0.0077640875,0.017388001,-0.0020749508,-0.0016476348,0.01743555,0.7011542,0.07791362,0.04901983,0.014732829,-0.0038225139
29.0,0.09989993,0.1320564,0.07622597,0.12723063,0.06918183,0.04540859,0.028239662,0.034445103,0.021205062,0.0065818694,0.021200318,0.021588136,0.0122658145,0.026050746,0.014827844,9.271142e-05,-0.017701773,0.006636918,-0.027467633,0.0014404705,-0.017639596,-0.008514836,0.01994303,-0.00834159,-0.0025272968,0.0205631,0.69552416,0.07457106,0.04815142,0.015853642,-0.0017557396
29.1,0.09867377,0.13114478,0.07748958,0.1257057,0.07003715,0.04554975,0.031124448,0.032549948,0.024314072,0.006044976,0.014291064,0.014198787,0.015520453,0.03163941,0.016010959,-0.0011975153,-0.017771326,0.01231067,-0.031100053,0.0071803974,-0.0155328475,-0.0030732255,0.020719133,-0.011376114,0.002205593,0.021153485,0.6847996,0.0772128,0.053323403,0.016251963,0.0032435867
29.2,0.09777292,0.12407481,0.07783007,0.12245038,0.06869609,0.04449217,0.033084646,0.03862102,0.019508258,0.004319846,0.018073522,0.01589633,0.013691087,0.03077716,0.0077764667,0.0043263305,-0.016190099,0.0113516925,-0.026677404,0.0070412005,-0.018070415,-0.0049480703,0.0208487,-0.004025078,0.00046207127,0.018667003,0.67952555,0.07518252,0.046387732,0.013179874,-0.0019012021
29.3,0.09651359,0.1218216,0.07567857,0.118830085,0.06753207,0.043656785,0.03199135,0.03629871,0.018666582,0.008781422,0.018740788,0.016938254,0.013371735,0.029669315,0.01313542,-0.0008410933,-0.018659031,0.0069166087,-0.029238066,0.00653453,-0.021471404,-0.0039567333,0.012623996,-0.008166408,0.0005841978,0.01194312,0.6831869,0.074088305,0.04796709,0.010967151,7.503463e-05
29.4,0.09438518,0.12106005,0.07200671,0.12062567,0.06944408,0.042112987,0.031105366,0.03435502,0.016439745,0.0069403904,0.017081382,0.016416563,0.011104272,0.028456884,0.008722958,-0.0015022379,-0.023314282,0.009417507,-0.032352567,0.0026608529,-0.020005262,-0.007011413,0.013922786,-0.0068832585,-0.0037655346,0.017247187,0.67985857,0.07045854,0.04769076,0.010089952,0.000277637
29.5,0.09078191,0.118258566,0.07101788,0.11588865,0.065442316,0.043261997,0.02809091,0.03329345,0.017398534,0.0017284389,0.017140469,0.018985264,0.014590906,0.037827406,0.015548523,0.0040967674,-0.01661182,0.0113591105,-0.028938185,0.0026757894,-0.02357313,-0.008763633,0.014887872,-0.0061421725,-0.004071924,0.01347279,0.6786296,0.07097941,0.052530635,0.014926895,-0.0021055762
29.6,0.084762655,0.113606855,0.065607175,0.113373056,0.06473343,0.04269045,0.030287152,0.029500807,0.014387817,0.004521948,0.01724599,0.02233371,0.014033891,0.038836095,0.01857913,0.0044478024,-0.013982062,0.013271131,-0.025046214,0.0012277606,-0.018923791,-0.010983551,0.019881308,-0.00635298,-0.0038312802,0.01819885,0.67310274,0.068147615,0.04576467,0.011286932,-0.0060036564
29.7,0.086640105,0.11244221,0.067715146,0.11544635,0.0739586,0.04126522,0.03357524,0.02555189,0.026185123,0.022651467,0.023224065,0.041026022,0.02068676,0.053176004,0.029060239,0.013704173,-0.0137761505,0.015269894,-0.030694095,0.0047324346,-0.01322312,-0.009978533,0.010319973,0.011921571,-0.0028070563,0.041335884,0.64454395,0.08104601,0.05464537,0.007834533,5.5456527e-05
29.8,0.084743276,0.11052215,0.067290366,0.111014865,0.068919465,0.038436357,0.03265515,0.029575696,0.022871181,0.017770272,0.017951077,0.031717274,0.021647781,0.039934486,0.02941431,0.008369487,-0.01214892,0.011594295,-0.030733839,0.0017493677,-0.013734226,-0.0075298836,0.01286878,0.0059078825,-0.0020378153,0.033960275,0.655161,0.08051849,0.04219068,0.0035780268,-0.0043024877
29.9,0.08006993,0.107060365,0.064819515,0.10501757,0.06400266,0.038791247,0.028065294,0.031343628,0.016439745,0.006328112,0.014132298,0.014205103,0.010144035,0.027502406,0.018171612,0.0017285858,-0.016837802,0.009713255,-0.030148502,0.006229052,-0.020430375,-0.013060879,0.010372965,-0.0014767251,-0.0063260943,0.0071279826,0.6873796,0.06641667,0.04717834,0.009136936,-0.007264185
