time_s,ROI1,ROI2,ROI3,ROI4,ROI5,ROI6,ROI7,ROI8,ROI9,ROI10,ROI11,ROI12,ROI13,ROI14,ROI15,ROI16,ROI17,ROI18,ROI19,ROI20,ROI21,ROI22,ROI23,ROI24,ROI25,ROI26,ROI27,ROI28,ROI29,ROI30,ROI31
0.0,,,,,,,,,,,,,,,,,,,,,,,,,,,,,,,
0.1,,,,,,,,,,,,,,,,,,,,,,,,,,,,,,,
0.2,,,,,,,,,,,,,,,,,,,,,,,,,,,,,,,
0.3,,,,,,,,,,,,,,,,,,,,,,,,,,,,,,,
0.4,,,,,,,,,,,,,,,,,,,,,,,,,,,,,,,
0.5,,,,,,,,,,,,,,,,,,,,,,,,,,,,,,,
0.6,,,,,,,,,,,,,,,,,,,,,,,,,,,,,,,
0.7,,,,,,,,,,,,,,,,,,,,,,,,,,,,,,,
0.8,,,,,,,,,,,,,,,,,,,,,,,,,,,,,,,
0.9,,,,,,,,,,,,,,,,,,,,,,,,,,,,,,,
1.0,,,,,,,,,,,,,,,,,,,,,,,,,,,,,,,
1.1,,,,,,,,,,,,,,,,,,,,,,,,,,,,,,,
1.2,,,,,,,,,,,,,,,,,,,,,,,,,,,,,,,
1.3,,,,,,,,,,,,,,,,,,,,,,,,,,,,,,,
1.4,,,,,,,,,,,,,,,,,,,,,,,,,,,,,,,
1.5,,,,,,,,,,,,,,,,,,,,,,,,,,,,,,,
1.6,0.007758940646453993,0.009810607243707636,0.009578029794283793,0.010156850421481067,0.00924624052913714,0.009168322139885277,0.010297830281160714,0.01109124254071503,0.007691736573178787,0.010200555552728474,0.01087393884517951,0.005492921081895474,0.010725493470999936,0.011313851255181362,0.01117348212574143,0.009914036036207108,0.00965204395015462,0.011043961362702248,0.012408400925778551,0.013284842789289542,0.010204027548752492,0.008600155997555703,0.015058512653922662,0.0060230000235605985,0.012532691835076548,0.008039618842303753,0.012007783079752699,0.011960084884776734,0.009246627687389264,0.011056195126002422,0.012613724043148977
1.7,0.015115137339307694,0.013098816671117675,0.012291456628190645,0.01087213593564229,0.012404198523654486,0.007604326256114291,0.01341451243206393,0.012792746593959237,0.0142299490289588,0.013023073952354025,0.013662005949299783,0.01007210759780719,0.013300607824930921,0.013863394997315481,0.012518580151663627,0.015381093398900703,0.01313936292717699,0.016312475272570737,0.012854288452217588,0.011031086687580682,0.013685475053080154,0.011815647849289235,0.011587108601815999,0.006741802380929585,0.0105629665813467,0.010816539813731652,0.010450745967318653,0.013424019616650185,0.009708862082788983,0.010546978010097519,0.017799730630940758
1.8,0.011691163454088382,0.013329516295925714,0.013611475892503222,0.011935959455513512,0.012710760529444087,0.009000073309834988,0.014359588585648453,0.01142589270557437,0.015416245078085922,0.014330069425341208,0.010992343595717102,0.012606288419192424,0.013058046861260664,0.014736662851646543,0.013632963527925313,0.01216311289681471,0.01166443049442023,0.013877267992938869,0.012162561442892184,0.011411379082346684,0.015114288180484436,0.011366422277205857,0.011811252115876414,0.006621430638915626,0.008954416007327382,0.013286898847582052,0.00959732666160562,0.013440872571663931,0.010785456142912153,0.007838453238946386,0.015025566681288183
1.9,0.012135456272517331,0.012725035558105446,0.013882170783290348,0.009332115969300503,0.011683936390909366,0.012439842603271245,0.012902672260679537,0.010613541235215962,0.012544686833280139,0.010785753693198785,0.010816063149832189,0.010709728230722249,0.010455961455591023,0.013973916866234504,0.010384048509877175,0.011908780197700253,0.010059918131446466,0.009966130455723032,0.00876153542776592,0.011476571780804079,0.011675934481445438,0.011492575376905734,0.010066161776194349,0.009597669604772818,0.009886677398753818,0.014298941096058115,0.010961558044186859,0.01364855037536472,0.011970843479502946,0.008869643152138451,0.007367785059386733
2.0,0.01105652281694347,0.013407404876488727,0.014589767342840787,0.010527382619329728,0.011037166405003518,0.012459139652492013,0.012911166195408441,0.013077328894723905,0.011554832890396938,0.008939038307289593,0.011175970548720215,0.012170489353593439,0.00817109184936271,0.013412009066087194,0.008542234936612658,0.011292885392322205,0.011757801239582477,0.01061532925859865,0.009807224560063332,0.011976416444667848,0.01153651908680331,0.012056003688485362,0.008570964710088447,0.007200281252153218,0.007596249897687812,0.011123191070510074,0.009872774462564848,0.008476148559566354,0.007573600050818641,0.011841262894449756,0.009535978697385872
2.1,0.007808308179164669,0.010456095478730276,0.013459722831612453,0.010587583510641707,0.007624696036145906,0.013733054597651062,0.011828164915641537,0.011055196737288497,0.009178022810374387,0.008162076555890962,0.00934503539610887,0.009315053939644713,0.007754276302875951,0.009219954608852277,0.006255666812648997,0.009301523796239053,0.009140665533777792,0.010343755930080079,0.009263064021070022,0.011531467644090299,0.010640139635142987,0.00941524954214401,0.012308294917602325,0.011281515435257461,0.009710814210848184,0.004975955062036519,0.008871893587638624,0.006173785041028168,0.009107406558541697,0.011788676447395119,0.008843357645673677
2.2,0.009567792531015584,0.012206698884256184,0.013347069819928947,0.012087459967915493,0.009450684519833885,0.01339981987257488,0.011060605756938457,0.012726958229904994,0.008030827448237687,0.008487622442316933,0.011677931288431864,0.011185760504304199,0.010074372727331138,0.00877522952578147,0.009147102900897153,0.01192640804219991,0.013774971812381409,0.013533736600948032,0.013378511448536301,0.012150461843702942,0.011941354041482555,0.011539529350557132,0.012244577651472355,0.008736352665437153,0.012989635724807158,0.007010648987488821,0.011322553145873826,0.006536911314469762,0.013220246364653576,0.00928949870285578,0.01165268877230119
2.3,0.010345215799816287,0.010125423959834734,0.012685860419878736,0.011717508878064109,0.010224278375972062,0.012169743895356078,0.01081630101907649,0.011792714958573924,0.011862273458973505,0.008271957995020784,0.011306296009934158,0.007273088485817425,0.010110954826814122,0.007723759117652662,0.0070238812622847036,0.010060991507998551,0.01238786715475726,0.010756487936305348,0.012871648650616407,0.013316865297383629,0.009984727003029548,0.008780594134805142,0.00962203266681172,0.008010621313587762,0.012327860422374215,0.006166513230709825,0.011067907216784079,0.009414623389147891,0.012753958944813348,0.01097577354812529,0.009985502001654822
2.4,0.012649352487414944,0.012556786896311678,0.011103595825261436,0.012586633674800396,0.010013903483923059,0.012443045998224989,0.01205560080052237,0.011378417561900278,0.01051999170158524,0.007591749708808493,0.012348319423836074,0.008755634735280182,0.007890458218753338,0.008475209797325078,0.008417050376010593,0.009355331831102376,0.012134726428030262,0.010732720834312204,0.010954226345347706,0.011640872035059147,0.009846951070358045,0.010632778758008499,0.009782757006178144,0.013213778947829269,0.010125826447620057,0.007553438772447407,0.011564786836970598,0.00787087807111675,0.011572803341550753,0.008930291442084126,0.00935986183321802
2.5,0.013545538313337602,0.01305652673181612,0.009903023869810568,0.013267363428894896,0.011551986590347951,0.01242859207195579,0.011743660230649766,0.012577782531479897,0.010792206144287775,0.008902828412828967,0.01387443655403331,0.012533391927718185,0.011259089260420296,0.011663551777019165,0.008021320400075638,0.011650155547613394,0.01245757461674657,0.006158407072689442,0.007007802996668033,0.009882207250484498,0.008500213880324736,0.012565384568006266,0.00858583614899544,0.007199476676760241,0.00669490826112451,0.009638602705308585,0.012299145600991324,0.007354105928243371,0.010597492509987205,0.007670993927604286,0.005333821536623873
2.6,0.012127141708333511,0.013000811413803604,0.009539644488540944,0.013734872700297274,0.010756682095234282,0.011015365744242445,0.013099501957185566,0.012705887966149021,0.01066284894477576,0.011865223932545632,0.01208889028930571,0.013695533634745516,0.009000922727864236,0.012618880045920378,0.01127598714447231,0.010127569457836216,0.00982182779807772,0.009303312035626732,0.010717521408878383,0.011466513460618444,0.012290353915886953,0.013175304055152992,0.009322862242697738,0.009490813135926146,0.010414372169407216,0.010797734503285028,0.012320603200350888,0.006582017304026522,0.008688579328008927,0.008286352504001115,0.009939412630046718
2.7,0.008835892367642373,0.011565114591576275,0.011371921063982882,0.012108157307011425,0.008006851239770185,0.010717402365116868,0.011388371567591093,0.011401231517993438,0.009740452442201786,0.008832137145873276,0.011196787854714785,0.0119957728566078,0.009258101986233669,0.012122760699639912,0.01236094092746498,0.013815443389830762,0.012631620584215852,0.010219241885351948,0.01063581854396034,0.012802223645849153,0.01153860530394013,0.010757292848211364,0.010670359479263425,0.006801288036513142,0.010056327137135668,0.009969423699658364,0.011146078832098283,0.009489159274380654,0.011409024773456622,0.010978217178490013,0.010862152084882837
2.8,0.010604704905290419,0.012046854080836056,0.012687201497101341,0.011296342227069545,0.012664805435633752,0.01185698332847096,0.011199871987628285,0.014184634455887135,0.013760324000031687,0.01216101176396478,0.013135950412106467,0.013104255413054489,0.0161803620721912,0.0115468605508795,0.017420883268641774,0.013841177697031526,0.013118918341206154,0.014424602850340307,0.015696908608333615,0.013179461730032926,0.01380055707613792,0.012305851341807283,0.009128714855251019,0.008236805806518532,0.012177716243968462,0.01009395273285918,0.011314059793221531,0.01589786551448924,0.009638349401939195,0.011635954615485389,0.01669658249738859
2.9,0.01246289462869754,0.012463773527997546,0.011649797852442134,0.012626703246496618,0.012586708107846789,0.01272347137273755,0.012548322629299946,0.011802385779446922,0.015146772311709356,0.014170970061968546,0.01374016243062215,0.013429592290776782,0.015222872934828047,0.011083598219556734,0.017265225724258926,0.016607876132184174,0.012784461468982045,0.016567926031711977,0.015612388961017132,0.013911317364545539,0.015904764677543426,0.010981153027387336,0.00974052683886839,0.008804897897789488,0.01243157254975813,0.014610062526116963,0.012821982818422839,0.01580778796778759,0.011027287146134768,0.012957255275978241,0.015874843520577997
3.0,0.014003480755491182,0.012157897581346333,0.012147675115556922,0.01271721295779571,0.011201853958482388,0.011801193686551414,0.012337456355453469,0.011141846862301463,0.012465010404412169,0.009588192151568364,0.012084077243343927,0.008708368350198725,0.013359542062971741,0.011156077671330422,0.01222341787070036,0.013121108713676222,0.011476273866719566,0.012178833603684325,0.014175812721077818,0.012172366587037686,0.010494436173758004,0.00870994757860899,0.009216572289005853,0.009112100487982389,0.011177326668985188,0.01123398105846718,0.011985818709945306,0.011673520639305934,0.007339487610806827,0.013645331637235358,0.01010846648568986
3.1,0.013289163616718724,0.01344266056548804,0.010063032732432475,0.013452510283968877,0.013794954284094274,0.010982419771607965,0.01147810646216385,0.01263387021026574,0.010183270169363823,0.008183444988389965,0.013490955752786249,0.01014013156236615,0.011877010838361457,0.010420049438835122,0.010969634349748958,0.010124157470272621,0.010636190854711458,0.011681850264722016,0.011750008270610124,0.011047194893762935,0.010385404384578578,0.009152154452749528,0.006899590553075541,0.00990187661955133,0.013102988714308594,0.00587255803111475,0.01274624009965919,0.007353822929871967,0.010209317406406626,0.010583128077996662,0.010368759958510054
3.2,0.008975829205155605,0.011602382401179057,0.010542909585637972,0.012938927320647053,0.011599148501773016,0.011896933392563369,0.009920398915710393,0.011722172839654377,0.00977457602857612,0.00694372760335682,0.013037885437370278,0.009940247400663793,0.007703121082158759,0.012326951400609687,0.010028148972196504,0.007552842871518806,0.011060099404858192,0.011540020987013122,0.00881149902852485,0.009989212630898692,0.009341756667708978,0.010479356187715894,0.011009897007170366,0.008643622400938966,0.010599623537927982,0.006633903103647754,0.013997877977089956,0.005324433823261643,0.007042940051178448,0.010195161503361305,0.008202130993595347
3.3,0.009046385966939852,0.011931742883461993,0.011533747519933968,0.01016002426695195,0.011586273976718076,0.010199601929343771,0.010463903636264149,0.011457349114607496,0.011852572897623759,0.007259125850396231,0.0116976753633935,0.011168207274749875,0.006610880518564954,0.011498640233185142,0.00804264418547973,0.0059183792473049834,0.012640486602322198,0.012554015484056436,0.01205302331072744,0.011115963716292754,0.010976756857417058,0.011766563038690947,0.009740377936395817,0.009175832456094213,0.01212480230606161,0.003952498591388576,0.012614513871085364,0.004148806383454939,0.0066825701514972025,0.010482768775545992,0.009110386381507851
3.4,0.006447921696235426,0.00908390697077266,0.012216623240419722,0.009738530052345595,0.009138341119978577,0.011433850213506958,0.010161469817830948,0.010228003404790798,0.010743345010268968,0.009801457708817907,0.011305894031465868,0.009100045308514382,0.00926975433685584,0.011376495767763117,0.00933235431148205,0.009740169261931442,0.013161147944629192,0.011867578359670006,0.01054411695804447,0.011386032128939405,0.012893403909401968,0.011893565679201856,0.008565421463799794,0.01162191791991063,0.011823768631984422,0.01115737366490066,0.012700255156232743,0.007178659798228182,0.010276685716235079,0.009728680320222338,0.009817983300308697
3.5,0.007311399094760418,0.009288961973652476,0.013337309710550471,0.009636516770115122,0.011407311449147528,0.011607940650719684,0.01130577454205195,0.010512377180020849,0.01148302384535782,0.009424667005077936,0.008684183540026424,0.00881862171809189,0.0105551435626694,0.0076026274473406374,0.004900346539216116,0.009797821803658735,0.011648739891825244,0.012043397218803875,0.01312872307607904,0.013322497616172768,0.012200723576825112,0.012393737997626886,0.009760121811268618,0.013733397427131422,0.010458121978444979,0.0056530489018769,0.010964448811137117,0.010208974708802998,0.01285713464312721,0.011058951640734449,0.008862595132086426
3.6,0.00835135124361841,0.01046055112965405,0.01405380217875063,0.011794920155807631,0.01128395913838176,0.012605200572579633,0.012159268590039574,0.012841041443607537,0.009562189916323405,0.011709774887549429,0.008933539502322674,0.008688177156273014,0.008352036820724607,0.008945803247115691,0.0056727483297436265,0.008119682870528777,0.00963641263297177,0.007325644678530807,0.012296821237214317,0.012181158454040997,0.009824479930102825,0.011506761293276213,0.009597267453500535,0.013212035846663639,0.011676500889734598,0.007669325023016427,0.010875414416631202,0.007752920682833064,0.015442397107108263,0.010809894047270063,0.00712663972080918
3.7,0.011745194774448464,0.01236424912349321,0.013985405976200127,0.015334482213802403,0.014555255838786252,0.012380505941109732,0.01152684821136063,0.014347906690090895,0.011222030152566731,0.00874742392625194,0.010377447397331707,0.015034819953143597,0.013244102628959808,0.014906700016581453,0.010629068383423146,0.01055229724443052,0.006235356559045613,0.009708608631626703,0.013604263513116166,0.01119285348977428,0.008970733197202208,0.008190552980522625,0.008258606467279606,0.011772419384215027,0.00805043713626219,0.006420771824195981,0.01313995846430771,0.013657624731422402,0.017200703878188506,0.012160773258074187,0.010669227194739506
3.8,0.012929673539474607,0.011785785609390587,0.0123185766210554,0.014649073468717688,0.014728035121152061,0.009949068380592507,0.009532119165669428,0.017756904489942826,0.009299631346948445,0.0054878994706086814,0.008034001220948994,0.016000027608242817,0.01227256223501172,0.015195797095657326,0.011862824867421295,0.00789558446740557,0.0022361679293680936,0.010223741774098016,0.005551378390009631,0.01161247018899303,0.0067921086883870885,0.009610439774405677,0.010280112837790512,0.008306498784804717,0.009753029109447198,0.00821405203168979,0.010779972071759403,0.010348657942813588,0.01606276176062238,0.011272545079918928,0.011470656027086079
3.9,0.014540220545313787,0.012527014441729989,0.011928657932003262,0.014629314537160099,0.014818112722423393,0.011970977661803772,0.010272647596138995,0.01452871692890767,0.010630290307744872,0.010192449190071784,0.010995621778420173,0.019140045187668875,0.01521385751402704,0.015089954322320409,0.019628520240075886,0.01220258638568339,0.005309294028847944,0.010065193309856113,0.005945737648289651,0.010468150794622488,0.007618646341143176,0.01180439730433136,0.009513537370366976,0.010195578797720373,0.00924717929592589,0.015053580646053888,0.010799478041008115,0.008342023065779358,0.011143232877657283,0.011725346485036425,0.014544393079631845
4.0,0.013270492854644544,0.011796574399340898,0.012110496791137848,0.012153337665949948,0.011671747215586947,0.012012045044684783,0.011704469870892353,0.012216638083373255,0.009901667945086956,0.013386677019298077,0.008600141209171852,0.015036638287710957,0.013368974832701497,0.01359505498840008,0.012982885527890176,0.010106186455232091,0.004626701847882941,0.010981093437294476,0.00508692395669641,0.010643775458447635,0.009541983890812844,0.009343216952402145,0.011562283034436405,0.01119488020776771,0.009427274562767707,0.015420074705616571,0.00838467021821998,0.008451129572222271,0.007526541958213784,0.010524014942348003,0.009474198377574794
4.1,0.008653785275782866,0.011513198842294514,0.010546247704041889,0.012010077962258947,0.012219722630106844,0.012740607562591322,0.011788765987148508,0.011218230301892618,0.009289990180150198,0.012427921465132385,0.00811257514214958,0.012755448988173157,0.010780821976368316,0.01072103827027604,0.008510957522958051,0.008542861032765359,0.007149677112465724,0.007025073464319576,0.003053288164664991,0.009733612732816255,0.007503534943680279,0.011825899637187831,0.012221570214023814,0.013557355268858373,0.011091406577179441,0.013733158957620617,0.0070655745003023185,0.007451529700119863,0.006455297634602175,0.007341439893480128,0.005638073198497295
4.2,0.007930303927423665,0.009179110638797283,0.012580062575580087,0.010687108319871186,0.010684068656701129,0.012431214418029413,0.011404599281377159,0.012837316298828227,0.00781341923357104,0.010511036234674975,0.007764722395222634,0.007128010620363057,0.009449879580643028,0.009389366023242474,0.006726036954205483,0.00848902303914656,0.005533437324629631,0.00557264223061793,0.003957863009418361,0.00956184723690967,0.008277173430997209,0.010737101638369495,0.01261384335521143,0.01139807231083978,0.013186569522076752,0.010249550632579485,0.0071180266968440264,0.005934770408657641,0.009917776333168149,0.00862150944158202,0.004942174236930441
4.3,0.008476461443933658,0.00931670809222851,0.011787499661295442,0.011121074930997565,0.009059722397068981,0.009197036888508592,0.01187999099784065,0.01031413208693266,0.005907068916712888,0.005846197800565278,0.008468354935757816,0.007672886204090901,0.008700977050466463,0.008601079898653552,0.007367397593043279,0.009111131919752324,0.0029557300149463117,0.007100115362845827,0.003500665698084049,0.009960289462469518,0.004552911032078555,0.010445321822771803,0.011295909971522633,0.011437500943429768,0.010748873828561045,0.005275126022752374,0.008347372727257607,0.00887555930603412,0.010222177297691815,0.0084664629684994,0.005248795569059439
4.4,0.00786865763075184,0.008105452143354341,0.012751276990456972,0.013306553391885245,0.009881551304715686,0.00960890471105813,0.010376538093623822,0.011608313216129318,0.007385100398096256,0.003920356757589616,0.010113636817550287,0.006876434490550309,0.010790954329422675,0.009019787394208834,0.007683808944420889,0.008403981919400394,0.0031714991200715303,0.008226628651755163,0.0015144601638894528,0.010988424910465255,0.005669008069162373,0.010820533061632887,0.013957645023765508,0.011237259313929826,0.010772864188766107,0.0032152637868421152,0.01058750905940542,0.011464472233910783,0.011139179681833866,0.011066953566114535,0.006807442041463219
4.5,0.013494993763742968,0.011353294612490572,0.01264455482669291,0.010536040354054421,0.010411258117528632,0.011264245349593693,0.012079904990969226,0.010022710418979841,0.006111960028647445,0.0038597539605689235,0.008103515239668013,0.008101965267997002,0.010907437099376693,0.010819877497851849,0.013879532780265436,0.009686435732874088,0.002905021574406419,0.009821499952522572,0.0004929555507260375,0.011518741957843304,0.00655941210425226,0.010781268705386537,0.009932424218277447,0.008434171904809773,0.0097835467022378,0.007892335997894406,0.010672162388800643,0.008325929622401418,0.008143628888319654,0.007491524374927394,0.011566008324734867
4.6,0.011333878501318395,0.010696883400669321,0.013481553050951334,0.014708812577737262,0.012318368462729268,0.009970898863684852,0.014371509605553001,0.011497791238070931,0.0065790967346401885,0.00598962142248638,0.010397340302006342,0.004806186116184108,0.008462558689643629,0.010640020555001684,0.010531674124649726,0.01037792426359374,0.005967478537058923,0.008055429061641917,0.0061120941245462745,0.011296863849565852,0.007743830865365453,0.011426324890635442,0.009929443840519525,0.010143603467440698,0.010014037834480405,0.008521581958120805,0.01322283878835151,0.007414664174518748,0.011876310309162363,0.008120979146042373,0.005314747977536172
4.7,0.011998589179711416,0.01155218000349123,0.013905699688621098,0.015185694137471728,0.012212048350193072,0.009696315264591249,0.013155366395949386,0.012670065443671774,0.00879735773196444,0.009788315219338983,0.010938043633359484,0.007386322140519042,0.010734568204497918,0.010982225758198183,0.010920654167421162,0.009002740844152868,0.008772935107117519,0.005058358583482914,0.0030638082535006106,0.010259415212203749,0.008831481318338774,0.009524206834612414,0.01009805052945012,0.0139068320277147,0.00969974251347594,0.007769923031446524,0.013357142815948464,0.011053170237573795,0.011341418427264216,0.008507396341883577,0.002593304161564447
4.8,0.009003485756693408,0.009658451308496296,0.012507314795584534,0.011445592535892501,0.01190158276585862,0.01140760909038363,0.012747715227305889,0.010349507647333667,0.007344748119066935,0.007555778047390049,0.012264157558092847,0.006474996989709325,0.010207946761511266,0.011685366771416739,0.006966467008169275,0.010215903821517713,0.011866713903145865,0.006675492113572545,0.00764479790632322,0.012451540023903362,0.011300410296826158,0.009699310248834081,0.00971121608017711,0.016177172801690176,0.012043173819620279,0.011904696657438762,0.011562164072529413,0.006132180787972175,0.005401562066253973,0.009011428119265474,0.004532064413069747
4.9,0.009480620792601258,0.007989402147359215,0.00955426221480593,0.00821789653855376,0.006596709827135783,0.008968512556748465,0.009490068187005818,0.00987904821158736,0.00843438054289436,0.010961810985463671,0.014667088980786502,0.012435550888767466,0.010011877238866873,0.0036146000638836995,0.011710579856298864,0.011038597003789619,0.015099476222530939,0.008942390923039056,0.011832277305074967,0.011688868908095174,0.015728558610135224,0.008230771018133964,0.01328601996647194,0.014969061376177706,0.011870543621625984,0.020975912775611505,0.012227858424012084,0.007319594769796822,0.007822121660865378,0.010714243094298581,0.00619822290900629
5.0,0.010532255400903523,0.009120742943196092,0.011336933148413664,0.007407586272165645,0.009045998776855413,0.011355499846104067,0.008665765926707536,0.010299841742380522,0.010018165157816838,0.012868876510765404,0.015349651730502956,0.019088263688900042,0.012628178083105013,0.00530385510501219,0.01462803324102424,0.0157113179739099,0.019579078507376835,0.015000889907241799,0.017294387216679752,0.010826225625351071,0.015124972160265315,0.009990642793127336,0.013785730407107621,0.012285228003747761,0.013322333943506237,0.01904926699353382,0.011510561234899797,0.011073421073888312,0.007744784670649096,0.011181335066794418,0.017301763818977633
5.1,0.01413425343343988,0.013562540443672333,0.011097545641405304,0.010038639666163363,0.012456174445105717,0.013449753569148015,0.01086465548723936,0.009608636682969518,0.012734155461657792,0.01489886188210221,0.013054291775915772,0.016568656428717077,0.010905827512033284,0.009995724249165505,0.018603215867187828,0.014755885058548301,0.018019790804828517,0.013952251101727597,0.016020412804209627,0.011590819231059868,0.011109839233540697,0.01206738772452809,0.01192049247038085,0.013306195760378614,0.012543524724151212,0.019357155542820692,0.01300254007219337,0.015446509223693283,0.009178932027680275,0.009472693454881664,0.013457293862302322
5.2,0.014028663863427937,0.012962530163349584,0.012686352611126495,0.009272883676203492,0.012240703599672997,0.011236528735025786,0.013830969983246177,0.010516400761844125,0.012945334674441256,0.01448569746571593,0.01195387085317634,0.01412838257238036,0.012581790651893243,0.012291545863263309,0.014941508852643892,0.01212884031701833,0.014737660931132268,0.01031979476010747,0.015946547500789165,0.01143916990258731,0.010747711221483769,0.00966473962762393,0.009050677617779002,0.007780234591336921,0.012513156470959075,0.013287480323924683,0.008681993203936145,0.012532483196991961,0.009596462214176427,0.011775295424740762,0.011501412081997842
5.3,0.00847935225465335,0.011109884071629494,0.011525462505233008,0.008245731696661096,0.012455205578589812,0.012662674125749618,0.01405041926773265,0.010412897099740803,0.01314553155680187,0.012435670214472339,0.008703525345481467,0.009599591576261446,0.010925988608505577,0.010646517330314964,0.009395207198394928,0.010523404362174915,0.011072899142163806,0.010645787224348169,0.011088605388067663,0.012165154475951567,0.010324324430257548,0.013402055119513534,0.0033754957985365763,0.00625969041720964,0.009925241811288288,0.008841047965688631,0.008557970650144853,0.01122411631513387,0.009892161397146992,0.008870314050000161,0.009963612337742234
5.4,0.005616302842099685,0.005516569362953305,0.009436945301786182,0.008057455779635347,0.009830202070588712,0.011463831542641856,0.008931662050599698,0.009552190986141795,0.010780747252283618,0.006238172645680606,0.007030646738712676,0.0001953050377778709,0.0100805713191221,0.006658177117060404,0.003368760517332703,0.004549200530163944,0.009354094945592806,0.005962054383417126,0.009583334322087467,0.01178510021418333,0.008610631603005459,0.010409499882371165,0.00520461344422074,0.003136108862236142,0.006435181021515746,0.007088030542945489,0.011160890808241675,0.004913325551569869,0.007615308459207881,0.009239103005711513,0.005198235776333604
5.5,0.006259198198677041,0.008000577799975872,0.00975326714979019,0.007496650287066586,0.011919404387299437,0.01067810782842571,0.011161993315909058,0.010688464171835221,0.009114931265230553,0.008446987048955634,0.007555271440651268,0.0044786883518099785,0.010615672013045696,0.011158014895045199,0.0044521052041091025,0.0054588568445979035,0.009241204097634181,0.005290801709634252,0.0001586779035278596,0.011552537835086696,0.009312163092545234,0.00882908223047707,0.007896969800640363,0.005977998835078324,0.008292610800708644,0.00876265301485546,0.009033853966684546,0.003212849901501613,0.008448059743386693,0.01249974528036546,0.0
5.6,0.006700705089315306,0.005627538157568779,0.008713121519576816,0.009185428934870288,0.00727624719729647,0.008902932895580307,0.006792868607590208,0.0092991545170662,0.00783818497438915,0.006764109275536612,0.011065314756706357,0.00688555373926647,0.009726773041620618,0.004762883399962448,0.0050467802793718874,0.006175572962092701,0.009428377234144136,0.007293860689969733,0.00480816795516148,0.01034608023473993,0.010948653464311064,0.009101505443140923,0.008540402368453215,0.007282014094016631,0.010866682405321626,0.012167970853624865,0.007047857225188636,0.006598513082280988,0.00838735225443088,0.015257428221957525,0.0
5.7,0.008730287736398168,0.008557046749047004,0.010539795275690267,0.013769159850198776,0.00973671195879433,0.009432713377464097,0.00877776306879241,0.009433041414013132,0.008669565577292815,0.006008322616253281,0.011514778088894673,0.007113183673936874,0.008747111314733047,0.007590527848151396,0.009912635250657331,0.010850186372408643,0.013254146033432335,0.009729410594445653,0.0060621452576015145,0.01120393986639101,0.010730559893090685,0.00840425036585657,0.010417576122563332,0.0035854531233781017,0.013970445215818472,0.0034299894036848855,0.006671736991847865,0.012678663115366362,0.01333136395260226,0.012043307615385856,0.003987441741628572
5.8,0.006281207342908601,0.008070643125392962,0.011648516083369032,0.012704681066679768,0.0096364424280182,0.010517950322537217,0.00910898597794585,0.010262321011396125,0.010713200208556373,0.005167688359506428,0.00882924628967885,0.00548785479622893,0.008667211195643176,0.0077557668191730045,0.006369273323798552,0.008264611496997532,0.008061061816988513,0.010429720477986848,0.009567003025949816,0.010739933022705372,0.01070113034984388,0.009285162304877304,0.007810766910552047,0.0059144748956896365,0.01306634658249095,0.0008953764336183667,0.006682734219793929,0.00954684157477459,0.01178156893729465,0.014896284192218445,0.006296570718404837
5.9,0.011815662874141708,0.011308054527034983,0.012202273483126191,0.011941696902795229,0.011583457817323506,0.01170356095826719,0.011392022533982527,0.010867382516153157,0.011516298472997732,0.009492497265455313,0.010605226270854473,0.0077175752085167915,0.011223922483623028,0.011855359371111263,0.009506072055955883,0.009958486116374843,0.008338655570696574,0.012861321683885762,0.009919385556713678,0.013326610569492914,0.011181618247064762,0.009985189099097624,0.002164269917557249,0.008512283930031117,0.012100721942260861,0.004077549310750328,0.011889229390362743,0.01165821697213687,0.009612451685825363,0.011320795019855723,0.007808740410837345
6.0,0.012834484587074257,0.010105337423738092,0.012309159283176996,0.011817033519037068,0.010989870206685737,0.012147779852966778,0.012254859248059802,0.010665024892659858,0.011500830660224892,0.007600317912874743,0.0104317919613095,0.0033695354068186134,0.01296841619478073,0.010509590501897037,0.008879254946805304,0.008779997970123077,0.007662545176572166,0.009948785409505945,0.009258936370315496,0.01132265737396665,0.013333539536688477,0.008391048131670686,0.00228942466492299,0.009508724383522349,0.010450790541653987,0.00928626483073458,0.009800876636347766,0.0102356327988673,0.011078919123974629,0.008283625602416578,0.005841459242219571
6.1,0.01564873287861701,0.01021442840283271,0.011844377222587354,0.010834808606432489,0.012115548233850859,0.011486719304230064,0.010893548969761468,0.011121596180601045,0.011123801668873057,0.011501635653985431,0.013241867418400943,0.005837957373842073,0.01550757406221237,0.010237227252218872,0.012351940531516448,0.015260945674526738,0.01458949910102092,0.010212908555331524,0.010650168087522616,0.012941505192429759,0.013801421446260065,0.00895398398256475,0.005800272592750844,0.01774690579622984,0.010811190321078357,0.01958381624717731,0.010429050089442171,0.007428313870150305,0.007862608117648051,0.007176305298344232,0.004851753983530216
6.2,0.017313192856818205,0.012893255043309182,0.010144408006453887,0.010561551098362543,0.01287883089389652,0.009608696273062378,0.01047952042426914,0.012994434000574984,0.008889253294910304,0.01590597203176003,0.01694173668511212,0.011914442293345928,0.015800352339283563,0.008550639322493225,0.015638272307114676,0.017187694866152015,0.01914245929583558,0.01087164439013577,0.004874701699009165,0.012517462673713453,0.012928734795423225,0.012246782825968694,0.005432317993836477,0.018825630613719113,0.010117168567376211,0.019241149639128707,0.008073578646872193,0.01635475015064003,0.006164277874631807,0.010932947807305027,0.0023776993293722626
6.3,0.013263876671771868,0.010588641216600081,0.007565583146060817,0.008497308153891936,0.010878319953917526,0.008911426339182071,0.009294415840486181,0.01039880055031972,0.01113046266254969,0.013360257198655745,0.015607128996180109,0.012801970369764604,0.011796350736403838,0.004385004795040004,0.01337947975116549,0.016042406550695887,0.01823743721615756,0.013023833715237743,0.01329867089225445,0.010644312387739774,0.013762425151071511,0.011601637434068834,0.0076598776649916545,0.01369493762467755,0.011409770067984937,0.016921336500672624,0.010142768842342775,0.010474394039192703,0.009379531184094958,0.010956476762657985,0.00898220681165185
6.4,0.010760928780655377,0.011170054640388116,0.008868108780006878,0.009668166858318727,0.011433000763645396,0.009908105312206317,0.010129268284799764,0.012805531732738018,0.01329522863670718,0.011821026855614036,0.013474579172907397,0.014844740653643385,0.012207071631564759,0.007406498261843808,0.011895368734258227,0.013593266921816394,0.01653855561016826,0.01554584079713095,0.01151336280599935,0.01093896778911585,0.013030181762587745,0.014070506440475583,0.008111204078886658,0.013273681834107265,0.011683980992529541,0.013695131110580405,0.01056751178111881,0.009839008635026403,0.0071273995581577765,0.010214220019406639,0.017240296365343966
6.5,0.00967903011769522,0.010380233652540483,0.008518020986230113,0.010370085947215557,0.009131799670285545,0.01037024994730018,0.011054898727707041,0.012745241401717067,0.012842293072026223,0.012030641664750874,0.011341924837324768,0.01133068959461525,0.010452355636516586,0.008375848847208545,0.011131788705824874,0.00991671797237359,0.009801353198781726,0.01222030354256276,0.013621593898278661,0.011492843623273075,0.013321514343260787,0.011746759701054543,0.005590136097453069,0.010003383322327863,0.011940132076233567,0.008927221788326278,0.011270399190834723,0.00980519787844969,0.00947443702898454,0.007182414647104451,0.009072194807231426
6.6,0.009367431775899604,0.007535006179750781,0.010825942626979668,0.009447450775041943,0.005791436051367782,0.00846732706122566,0.011368568084435537,0.010600413079373538,0.009322251135017723,0.008242468611570075,0.009854818708845414,0.005680720278178342,0.00903522530279588,0.00881039653904736,0.00959793760557659,0.006547550729010254,0.005464683372338186,0.010630781907821074,0.011203493413631804,0.011465038114693016,0.012458394630812109,0.009129504760494456,0.01332611860561883,0.010193596899625845,0.011206667113583535,0.0070665881503373384,0.013039494951954111,0.0032381668279413134,0.007524232628384198,0.00929662120370267,0.003624136788857868
6.7,0.009353916175314225,0.010076085818582214,0.010673324795789085,0.009157414606306702,0.007276649848790839,0.006551007841153478,0.010628889576764777,0.00932517199544236,0.006704951883875765,0.009945254078047583,0.009900803997879848,0.005380789989430923,0.00961035013460787,0.011811132499133237,0.011881928221555427,0.010122682215296663,0.007485534242732683,0.00552369216165971,0.0039817645301809534,0.010334442522434983,0.01053860345564317,0.005840356425323989,0.009213458070007619,0.007200966756499838,0.007229293878481258,0.008468817395623773,0.009666408295743167,0.0043093964632134885,0.006426314721466042,0.0034100814946214086,0.00200230919290334
6.8,0.010754506292869337,0.008844654184940737,0.009514416960882954,0.008405010448768735,0.01007836628559744,0.00879294708283851,0.011025886269635521,0.006557445267389994,0.009982268384192139,0.00929852860281244,0.011062677403970156,0.005111957943881862,0.009603466023690999,0.010428215828142129,0.010210554028162733,0.01043200034473557,0.0108539415668929,0.004715512586699333,0.014403263994609006,0.01049258848070167,0.014604504394810647,0.008515085346516571,0.011128212499897927,0.007539357229688903,0.008615876649855636,0.01131027500377968,0.00980512346359319,0.006508047808893025,0.005990262106934097,0.005104179399495479,0.0020396069521666504
6.9,0.008168767380993813,0.00875843598805659,0.010624464002830791,0.006457071024215111,0.0076246065691520926,0.008094812919807737,0.009726177086122334,0.007629851825186051,0.0037756367783003952,0.008909459284041077,0.010384435663581826,0.005252744140307186,0.007360364397754893,0.009395177621627226,0.010912711877608672,0.012426759421941824,0.015046010812511668,0.007215733785415068,0.0038932219831622206,0.0110381051490549,0.011718596506398171,0.00915628199436469,0.012169103256383096,0.00712751891114749,0.009591693960828707,0.012910212608403526,0.011632587120402604,0.003909359743374807,0.005705724761355668,0.007516692494391464,0.0
7.0,0.006764124300389085,0.00922780777727894,0.009569938583808835,0.005639041864924366,0.005451108481793199,0.006281073146965355,0.010584200645098463,0.006061132226022892,0.004617835438693874,0.011842797803183203,0.008905018730729353,0.005323286459315568,0.007537852097811992,0.007131482525437605,0.010146613312826958,0.009676436839072267,0.011646445058204336,0.00739633571356535,0.008339087544300128,0.011440451580710942,0.014921377587597817,0.008696193908690475,0.0065918070868065115,0.005841295460413676,0.012418623318808386,0.007355074594670441,0.006763558048987761,0.005343134544091299,0.006017442210577428,0.008214856861741282,0.00014237608411349356
7.1,0.007612655990669737,0.009240727231372148,0.009823228242566984,0.007644395554962102,0.005639801820507273,0.007485817359338398,0.011841262639791239,0.006921197436895454,0.010087470618600491,0.011428262296249159,0.009172047739411937,0.008397231868002564,0.009088794904528186,0.006231094914710411,0.014273013366619125,0.011868144465552177,0.01275810158404056,0.009973402302421164,0.013085777791275177,0.011365781665517716,0.014334212028188631,0.01107856172893662,0.01175166224129498,0.009070362211787142,0.01292022591087516,0.013023610299569555,0.00950881360040512,0.009688581467344193,0.008894200509530492,0.0085690572814201,0.008718873650650494
7.2,0.010895113591686822,0.01195258941152133,0.008846531745803077,0.01035494638927048,0.009427632294318755,0.009080718409677502,0.013530413634725846,0.0071260437471210025,0.010247628233628348,0.014395172765944153,0.012278328867978416,0.010084326495416462,0.011027421169274021,0.008519376751792151,0.013133879147062544,0.011739905094145797,0.013518552459572675,0.012740071106236428,0.009125868673436344,0.013647790201503085,0.013666938320966437,0.008910621618269943,0.004412214279909676,0.006913597680977546,0.014362762703967746,0.012950341097166529,0.00928750160483105,0.015414516819873825,0.007028381487543811,0.009139875885466608,0.005061100237071514
7.3,0.015596474841004238,0.013211618279456161,0.010809670202434063,0.013967598788440228,0.012542600816232152,0.011018718796549365,0.015336672822741093,0.010383884437032975,0.013918454715167172,0.015616844411852071,0.015204588853521273,0.012133340387663338,0.010947729811050522,0.012425835535623264,0.01243340519067715,0.011287506076769205,0.011357750063325511,0.01130622171331197,0.005537743854802102,0.011835629902634537,0.01277467148611322,0.008510629704687744,0.00522133253980428,0.010887201060540974,0.013323570510692662,0.014682899272884242,0.006886015871714335,0.016330386861227453,0.010895426530623809,0.010323385881747527,0.0
7.4,0.01281863031181274,0.016419570019934326,0.01056906119629275,0.013007308334636036,0.014369244745466858,0.01463447046262445,0.011188815442437772,0.014480243917205371,0.017676244642643724,0.014644856782979332,0.017367522268614266,0.01749363054841524,0.012844796583522111,0.009180839260807261,0.015014137388789095,0.017433176617487334,0.01549034845083952,0.014689724011986982,0.01109836532123154,0.008011336431081872,0.013032535935053602,0.01263185886273277,0.002458865856169723,0.0077468110248446465,0.01254757800779771,0.01471815525292186,0.01066685770638287,0.015266041264112573,0.010932023724308237,0.00993701361494459,0.01732147821712715
7.5,0.0159934113980853,0.014357696345541626,0.014444734310927743,0.015051718291942962,0.014273326087277383,0.017371947833453305,0.012415613018674776,0.014422978420043364,0.015009130493126577,0.013141344302312064,0.016290794192173053,0.014919351015123539,0.011555816163308918,0.012119020611862652,0.01189019812954939,0.017070959365810268,0.014506976294796914,0.009594420916982926,0.009865711544989608,0.011280546877969755,0.013641680852742866,0.01287734070501756,0.009207050570694264,0.004069159549544565,0.012093271230639857,0.01422753462975379,0.00894596720172558,0.01427775168849621,0.01331328894593753,0.009757782718224917,0.014541532000293955
7.6,0.013871456876586308,0.011421154122217558,0.016615654676570557,0.01608211845450569,0.011856134296976961,0.016851584732648917,0.011207665484107565,0.01166860296507366,0.012968208102392964,0.01478446545661427,0.01407694397130399,0.010858159039344173,0.01119967841077596,0.012380014195514377,0.013364906280912692,0.012958194238308351,0.012407611502567306,0.009857277400442399,0.00907502617337741,0.010159890398426796,0.013307105109561235,0.01084903906303225,0.012604500370798633,0.010149817280762363,0.009567777733536786,0.01336457894637988,0.011768857993956772,0.011197979547432624,0.019393722195673035,0.014519910328090191,0.009975488651434716
7.7,0.010437796881888062,0.010622288082231535,0.01869745090516517,0.013854886638000607,0.011250133684370667,0.01604301782208495,0.010552535632086801,0.010005305557569955,0.006355459918268025,0.010566230193944648,0.011972676111327019,0.006991202826611698,0.009938131161106867,0.011302183374937158,0.012074540281901136,0.009970094106392935,0.012581582486745901,0.011272783322056057,0.012678246148425387,0.012592400794346759,0.014968882460379973,0.012457887623895658,0.02030005598498974,0.009065027352335164,0.00734042696421966,0.008885930337783066,0.01543828379453771,0.00789886271377327,0.02008945775742177,0.014398898333638499,0.01122857203881722
7.8,0.011705304677889217,0.011309768044611701,0.014282400643423898,0.012347082811174914,0.011706496516126208,0.008821125259146356,0.012691910451394506,0.007028366671875119,0.00301587104331702,0.010978276870901027,0.011830861803900916,0.0034321054408792406,0.011019851408491377,0.014527316234307364,0.01183658370791818,0.006960030004847795,0.01201705184939783,0.008752147605264327,0.008725355510250665,0.01125639209021756,0.017013262113323435,0.011458153808234783,0.014098342035140377,0.0159019334387267,0.011243130293223658,0.006255681728362106,0.01593806897290051,0.006318177038338035,0.013199980749050155,0.013052101530774962,0.0015273048848030157
7.9,0.010691340285120532,0.01183536182907119,0.012452955706976354,0.011653046503852238,0.01014101038890658,0.010057370345748495,0.013753260682278778,0.00902166502783075,0.008965070737758651,0.010171543071919587,0.014395470589079196,0.008529896877007559,0.013815264155709883,0.016965310087471153,0.013752560553257354,0.007552053066319786,0.011353473128110636,0.014870862833049614,0.015672023728257045,0.011540929699549451,0.015961076351231895,0.012730117323371815,0.013462181341310497,0.013772691745543852,0.014257471075325157,0.00725285237422213,0.013970489671919495,0.008993025257950649,0.011708374440786429,0.016512448855792172,0.01760114246280864
8.0,0.012928869036841206,0.014204855251591653,0.010009790839831112,0.01012478292977903,0.013923730002716184,0.012510220512922388,0.013055230465397472,0.012949819647474214,0.011570583301363513,0.013299460842972621,0.01605718891369179,0.014574254746548831,0.01216736010974273,0.01527465443359688,0.011873315343109425,0.011703307827701792,0.00950783026382851,0.013068880134596839,0.009263749452657066,0.009646709222579375,0.010896707826759666,0.013072903639113065,0.0003646865297923796,0.01673788829066325,0.01605864890734665,0.012008006742689759,0.011652450430119643,0.013518224805011414,0.008701826576498206,0.013687188820767915,0.008864666451700032
8.1,0.014024297779542394,0.014899875422997866,0.008781935175647959,0.012229646308696829,0.015492091806663666,0.016104991955216974,0.014946158071325044,0.014661486493423581,0.01151075521192979,0.011878947771037929,0.013897175813326612,0.01401173634803854,0.014975424219301203,0.015940140110615175,0.012538189912447706,0.010292749057043693,0.005847106822329806,0.010119955231857602,0.009438316374144051,0.009605164668755606,0.008504594734404236,0.01386661353535601,0.0,0.017713780616759323,0.01475980428949697,0.012115384597564116,0.00837179586142156,0.013920958335802425,0.008746887469897047,0.010666082889656536,0.009415428139618598
8.2,0.01358365534542827,0.014384384267032146,0.008934687020882848,0.01116206796723418,0.013505931237887125,0.01631076193007175,0.012333865233813412,0.013376633869484067,0.01076277629181277,0.014463166953646578,0.012569363425427582,0.01553308502479922,0.013058076983725186,0.01103297880035825,0.01377172338834498,0.007548700250481488,0.006668831365459482,0.015272940418071812,0.013087730076222215,0.009911383676808327,0.007558996876468882,0.011677335023705382,0.006090919496273273,0.019545088234735886,0.011340524251863826,0.010971422525472008,0.011533106644492364,0.013582344181486405,0.008047158826229861,0.00883540068741695,0.014592359802918509
8.3,0.012720625309157185,0.014740775732207112,0.009923274974426022,0.011293868919892702,0.01386937074130401,0.010209406959802436,0.011289204703643918,0.008567641598347109,0.005764509551227093,0.014958094252506271,0.011669497325783595,0.009125347423832864,0.012002314397250302,0.009291018577641807,0.010433744064357597,0.01215633305037045,0.009501870190433692,0.009136195294559002,0.011317859389237128,0.01173643318907125,0.008981387190942769,0.011280398321105167,0.006631250580539927,0.01209403111715801,0.011831278879981255,0.007585580751765519,0.013211081881081554,0.01277811374166049,0.010811234669745318,0.00964928709436208,0.010720680438680574
8.4,0.011055480208597146,0.01064690495695686,0.011568899444682756,0.010737727279774845,0.009351099870400503,0.009233157034032047,0.011949132167501375,0.010639424581313506,0.010913457081187516,0.012250612776369962,0.012407298490870744,0.007997597567737103,0.010811294760060264,0.007586563660879619,0.010071332835650537,0.009603019252608647,0.015172625935520045,0.009910847438732162,0.014819230145803886,0.011472175729068113,0.011029074958059937,0.011010686794179492,0.01574474088556599,0.012639652140933322,0.008920024156395812,0.013143981559551321,0.010133351279364433,0.008229012837546179,0.009798462670005392,0.010113830867339857,0.008970554335974157
8.5,0.013142953830538318,0.008457298681605607,0.01194998185383156,0.00825374860141892,0.009649331914260983,0.00914136617211625,0.012367273884592578,0.011033843402401544,0.021107282082084566,0.010205160069745034,0.0149391245940933,0.00785132788678311,0.01299538773309905,0.01041586248902604,0.01351208518826752,0.014592493971576914,0.020229394867783412,0.014471347603830509,0.020592237924574874,0.012743856204906479,0.012848417536588386,0.011543090513441712,0.018456186371622607,0.011084596626460552,0.011700506383931497,0.02322864078450948,0.015110637250472791,0.012908275348308962,0.011272202464169823,0.015302117171813734,0.009649153071222827
8.6,0.011522840068209916,0.00921281724004075,0.007627065469932859,0.003513555202516727,0.009128476594923995,0.012319426241447218,0.011068861022067722,0.014288152451626956,0.020076076689292677,0.014734681026311591,0.015577207377646118,0.013474325824063271,0.0132362348085735,0.009958232813005452,0.010703454972826876,0.018820475233951584,0.025013591584865935,0.01196930832520593,0.014536465678247623,0.016386355564463884,0.013793642719974741,0.008286114025395364,0.008053625788306817,0.01346107863355428,0.012139479476900306,0.02148264175048098,0.009763296111486852,0.0201991900394205,0.010483498917892575,0.010656277554517146,0.008626978087704629
8.7,0.011592830705922097,0.009559612008160912,0.008812393134576268,0.005654628621414304,0.008469711028737947,0.011506895461934619,0.012773076887242496,0.013576339042629115,0.012845511664636433,0.009264852269552648,0.011138658373965882,0.006356681806209963,0.01242506034031976,0.010788123290694784,0.007489259514841251,0.015403221241285792,0.015959243537508883,0.006994198138272623,0.009010682897496736,0.014559264691342833,0.011755387240555137,0.008134837344186963,0.008489917672704905,0.010744060564320534,0.012821237905882299,0.018178964855906088,0.009337778319604695,0.008517111664332333,0.009422089206054807,0.013481135247275233,0.005332555156201124
8.8,0.009586612723069265,0.007686550943617476,0.010468240179761779,0.01044854067004053,0.008374194767384324,0.010991777380695567,0.010793562396429479,0.011025394342141226,0.008651073469536641,0.00698656866006786,0.008024658282010932,0.006225015094969422,0.0070109026091813575,0.008680666869622655,0.005331362535798689,0.012613053622771986,0.012982855814698269,0.008692244766734802,0.005160774453543127,0.014124180659109697,0.009549821697873995,0.007850925612729043,0.004922415246255696,0.008119012491079047,0.012171859725640388,0.009035195253090933,0.018593097920529544,0.005947525423835032,0.010676737001631409,0.009740556743054185,0.010338107822462916
8.9,0.006523038391605951,0.010380054809502326,0.016546423721592873,0.022534991862812603,0.008614058642706368,0.007598812526339316,0.010661835840437561,0.011151979706482962,0.007071550280670635,0.013110573345329612,0.007427911332342774,0.010483737278264016,0.010472829744685441,0.008411030503339134,0.007828439956938382,0.008251006802311167,0.006970490358071402,0.011308158937026747,0.006681035156361759,0.012985329231014475,0.007696177126490511,0.008066589889494935,0.008957262034527957,0.010550866936682723,0.008971045845100889,0.009098987065954134,0.009825746601563878,0.007043431869533379,0.013451199324663321,0.007615621188961086,0.015534798440057784
9.0,0.009670878935139626,0.009714002571854508,0.018167446469306014,0.025278235880250577,0.009177009906125022,0.006227697331269155,0.011838103673653677,0.007591898611281067,0.002646620287123369,0.012047151903971098,0.00856017621117644,0.0,0.009531389428047987,0.007579455996165052,0.007350753003265709,0.009657125192461535,0.00992664266959764,0.004265482675691601,0.005091796920169145,0.0064220234094136686,0.010598371663945727,0.004567752766888589,0.0,0.011044021048292052,0.009771193599590333,0.00928926025153487,0.00734591008949792,0.004452894645510241,0.0168617918316194,0.006051089003449306,0.0
9.1,0.00038885620597284287,0.005961756423857878,0.015661398911106517,0.02285333990585059,0.011498089152155444,0.0061239257047418505,0.012558068156067748,0.008492524866596796,0.00605178895057179,0.0,0.006458098941948265,0.002386923006270081,0.004278774522390449,0.006412427028408274,0.008157785196090117,0.0064239454513881356,0.006504411867354065,0.005371938532334752,0.002238045708509162,0.009141589471255429,0.007731567093287595,0.003022964156116359,0.0,0.0,0.010657529237505514,0.0,0.008354927485925145,0.007872785572544672,0.023007433337625116,0.009675706533016637,0.0
9.2,0.0032254114921670407,0.0019224092829972506,0.013858835391147295,0.017152573163912166,0.00783957108069444,0.003365631419001147,0.011853541218442842,0.006548579112859443,0.0,0.0,0.0019954099116148427,0.0,0.006502534524770454,0.008245016651926562,0.00047179593821056187,0.00364769546649768,0.006889607029734179,0.0,0.0,0.013454522086249199,0.01078146242434741,0.0,0.0042099307756870985,0.0038313820914481767,0.013662423298228532,0.0,0.01019834991893731,0.0,0.017676363640930504,0.010604481267364463,0.0
9.3,0.0011962905773543753,0.001510168585809879,0.013259480765555054,0.016271422646241263,0.008332322468049824,0.003725479618879035,0.011124382726848125,0.00605017994530499,0.002414907266938826,0.0,0.001354138512397185,0.008541862916899845,0.00439674699009629,0.004172499611740932,0.006109426612965763,0.0033407760929549113,0.002851660465239547,0.003545935614965856,0.0,0.015390108528663404,0.009881745354505256,0.0,0.0,0.0,0.01093458675313741,0.0,0.0,0.005868832777196076,0.014069880271563306,0.0010053321238956414,0.0
9.4,0.000744994031265378,0.0,0.008253718842752278,0.00799656962044537,0.00544711496331729,0.011951293099627947,0.010640467880875804,0.008352632648893632,0.002651299496392312,0.0,0.0,0.009108240774367005,0.0035437002588878386,0.0011147810437250882,0.007513786986237392,0.0,0.0,0.0013437523739412427,0.0,0.00898801827133866,0.007941375588416122,0.004754985711770132,0.0,0.0,0.006636048783548176,0.0,0.00436836027802201,0.0,0.0115927114529768,0.005705143848899752,0.009803692810237408
9.5,0.01005701305984985,0.00993592560007528,0.006941373867448419,0.008620496228104457,0.01059998117852956,0.008874754530552309,0.006834457817603834,0.007099564318195917,0.015206377192953369,0.018398429274384398,0.008355732352356426,0.02490087899786886,0.008598323111073114,0.004979948353138752,0.017112206187448464,0.0025572580670996103,0.0,0.013001317929592915,0.00617575176875107,0.006952936892048456,0.007252808063640259,0.008385981800529407,0.0,0.006455655238823965,0.004715497707366012,0.013264591871120501,0.0,0.007803122643963434,0.006581748748430982,0.0,0.023841451038606465
9.6,0.013417090522125363,0.010993103496730328,0.007259245285240468,0.013744394382229075,0.014096732484176755,0.009108062367886305,0.010549510843702592,0.00805219569883775,0.01575330905325245,0.01583361139637418,0.014952804267522879,0.016705508751329035,0.012183512762931059,0.010604287599562667,0.014477501572400797,0.005830596285250067,0.009905810838972684,0.010384733832324855,0.01433485304005444,0.0038466855039587244,0.01084965027985163,0.011775012444559252,0.0,0.006433884773286991,0.0030049185443203896,0.022425706629292108,0.0,0.0101915851701051,0.010976086559821852,0.0025430128152947873,0.032327528460882604
9.7,0.009310270543210208,0.010887156604439951,0.01313793220106163,0.017557169194333255,0.009769464668352157,0.004058535268995911,0.010641659973771311,0.008315916347783059,0.010497878538444638,0.018394376238575205,0.017077143893402535,0.008363808447029442,0.008729736618988682,0.009041587691172026,0.011707643789122812,0.012094344019715209,0.0165402843413176,0.004610876785591245,0.015711123814980965,0.006072531632526079,0.01256058638318791,0.006443585298256949,0.00807927077403292,0.005569885543081909,0.004113103495910764,0.026273216935805976,0.0,0.0011017577344318852,0.011574681120691821,0.002733360233833082,0.0
9.8,0.010272826330037788,0.009707505960250273,0.008032585601540632,0.014092053097556345,0.006610969867324457,0.0035811022826237604,0.009218792292813305,0.006084944398025982,0.0,0.00028632103976633516,0.013630593894049525,0.0,0.009228135604644194,0.004670809203162207,0.0,0.009342457269667648,0.017343128929496743,0.0,0.014676178980153054,0.010473663769516861,0.011487807423691265,0.004997070209356025,0.0,0.005165721404409851,0.0073904942473745905,0.013908381952205673,0.0,0.0,0.01070439349859953,0.011370221836841665,0.0
9.9,0.00216227286728099,0.006191323700477369,0.007639075797669648,0.004632259824575158,0.008261079783551395,0.002427737636025995,0.010513464967516484,0.005878101583220996,0.0,0.0,0.007103274838300422,0.0026211098884232342,0.008343125809915364,0.0059770002189907245,0.0036128118517808616,0.004929001588607207,0.011373306733730715,0.0,0.0,0.01333263029664522,0.008496071350236889,0.0,0.005839968944201246,0.0043278739030938596,0.009463499172852607,0.0,0.008563737792428583,0.0,0.006117428783909418,0.011656488240987528,0.0
10.0,0.0,0.0,0.007097269553923979,0.002289991043653572,0.0034000229788944125,0.010553027677815408,0.0075740175088867545,0.009232069369318197,0.0,0.0,0.0,8.341201464645565e-05,0.005272920298011741,0.0023738099116599187,0.0,0.0,0.0,0.0,0.0,0.008962537176557817,0.0052878959104418755,0.0,0.014755095428427012,0.002280305197928101,0.007180447719292715,0.0,0.007778893341310322,0.0,0.007991473357833456,0.004168148443568498,0.0
10.1,0.003505910644889809,0.00934682335355319,0.006557385713676922,0.005139406057423912,0.008283849019790068,0.006231974166439613,0.008791785076027736,0.0077035680442349985,0.009203057052218355,0.010210837208433077,0.005261565820546821,0.008536453387932852,0.010153959665331058,0.009467418658459792,0.00891992007382214,0.007096479712345172,0.005999024251650553,0.007586057472508401,0.010886187883443199,0.003990064578829333,0.010191614919676795,0.007966484117787331,0.0,0.010611976540531032,0.005514617478183936,0.009174849255941808,0.0,0.007366503850789741,0.010761897465272341,0.0,0.005318353942129761
10.2,0.006629969343521225,0.006240720776986564,0.013012434537813533,0.009578685530868825,0.011129523800263996,0.008839975107548526,0.009945820020220708,0.010651345437509008,0.005166704868315719,0.003059278315049596,0.004406954249134287,0.0,0.006648044509347528,0.012191082278150134,0.00395161951018963,0.005746776951127686,0.0,0.004522885174083058,0.0031138164922595024,0.002852375778275018,0.005218203368713148,0.0016581521049374714,0.000887657588464208,0.01012533437460661,0.009837295056058792,0.004819969835807569,0.0,0.0020036057094330317,0.011922816665901337,0.0047269416972994804,0.0
10.3,0.007776136772008613,0.006631429569097236,0.012277390123927034,0.00941897465963848,0.010234232295260881,0.00881893494806718,0.006832684539403999,0.008089225011644885,0.007512252086598892,0.004839907618574557,0.005728210453526117,0.003930698148906231,0.008096243291220162,0.0173078577790875,0.004355574928922579,0.006424303107905871,0.0013562694039137568,0.006941314150026301,0.007651607679690642,0.0,0.004516447925198008,0.009119893438764848,0.014220054363249801,0.009865726678981446,0.010627026567817666,0.004714067313216219,0.006194497600517934,0.00018584287317935377,0.01015947305404552,0.007310281798709184,0.006871353107271716
10.4,0.00887439695361536,0.010307068914698903,0.009962032752355299,0.0025037183661424933,0.008155222240020521,0.0066473585184212425,0.0008657678790768841,0.006930898087347259,0.009663189994171262,0.011556725039554294,0.009055133050424047,0.003980036126449704,0.00812068123195786,0.009736697393236682,0.008924241265049204,0.01063355364749441,0.010276655593770556,0.012393350771162659,0.01041745679685846,0.006129677503849962,0.006186242253534147,0.009880657380563207,0.001408095813530963,0.009583662467775866,0.013773586133538629,0.014901231043040752,0.0,0.002725000958889723,0.0034991158281627577,0.00479261128930375,0.0
10.5,0.008992652292363346,0.005936483976256568,0.0065829113009385765,7.863272912800312e-06,0.0026579900440992787,0.007651026389794424,0.0011351361536071636,0.0058793679272639565,0.009708817233331501,0.0,0.004668931651394814,0.0013255728663352784,0.004314760681154439,0.005595068505499512,0.001296992450079415,0.005217413454374764,0.005967969918856397,0.004214118380332366,0.0020730749020003714,0.003090034533670405,0.009662340398790548,0.003971601922785339,0.006728093212586828,0.0038612289426964708,0.01250427495506301,0.0067024185045738705,0.010106365516548976,0.0,0.0,0.0113604176476656,0.0015543209883617237
10.6,0.0064723593823146075,0.006449679904108052,0.0021135166207386646,0.0,0.0008929923933465034,0.011289114891042118,0.0,0.0033667338720988482,0.019106800900772214,0.011132682848256081,0.0,0.01740765117574483,0.005964036463410594,0.0020235433294146787,0.011696468391164672,0.008716742595424876,0.0061085924244252965,0.016692321078153327,0.0,0.005812580893689301,0.009206603717757389,0.00883627995790448,0.005753959594585467,0.0038223517185542732,0.012898932036478072,0.01654079125728458,0.01404967435519211,0.00532620691046759,0.0,0.008949185894380207,0.016639898531138897
10.7,0.010421137358207488,0.007684196289119427,0.0007588221342302859,0.0,0.0,0.008667792189953616,0.0,0.0046487700092257,0.016305441877193516,0.01313398352067452,0.0,0.01046980465616798,0.004194732027826831,0.0,0.011109645638498478,0.007203484929050319,0.0065026534866774455,0.012326608703006059,0.010491843713680282,0.005517955163441002,0.008791903965175152,0.008311013953061774,0.0,0.0017219583241967484,0.014561410062015057,0.026072870241478086,0.002847100913641043,0.007748510106466711,0.0,0.006681556915282272,0.00927809887798503
10.8,0.009445647592656314,0.010306502799721784,0.0026335973234381527,0.0,0.004707838234025985,0.00895505683729425,0.0052614763990277424,0.010513927009014878,0.01630135899176821,0.010788033832795918,0.003986711672041565,0.01546477826195769,0.007550473674200475,0.00210704944038298,0.011810521828010678,0.008714552059245761,0.006868670898256823,0.013118992646923289,0.0033279016497544944,0.002104009472532198,0.011739353722077794,0.009705628399387933,0.0,0.008971626848506276,0.016435230645583943,0.010548557293077465,0.00021767147700302303,0.010947178088827059,0.00011097945389337838,0.008201177217870281,0.01686159761447925
10.9,0.01240935453097336,0.01264072532649152,0.005241032049525529,0.0,0.006844590716355015,0.01093226223019883,0.0037280723336152732,0.0013269882765598595,0.013943757221568376,0.014969075855333358,0.008925254296627827,0.016334171523340046,0.004257584805600345,0.000567610768484883,0.01511022011982277,0.013786400959361345,0.012233416637172922,0.01710189419100061,0.011731500817404594,0.0008679584425408393,0.01590910087543307,0.014524082653224468,0.0,0.009798522005439736,0.009567390370648354,0.020853827554674353,0.0,0.007889430271461606,0.0017115430091507733,0.006111393704486545,0.0
11.0,0.010555799235589802,0.004651720919355284,0.0,0.0,0.0,0.008550281636416912,0.0,0.009261231316486374,0.007897953619249165,0.009683961980044842,0.016378740983782336,0.0074953242801711895,0.009943018849298824,0.0,0.00868510760483332,0.011280025355517864,0.010812754509856859,0.00939510326134041,0.008220370509661734,0.003566260747902561,0.009667615449870937,0.013084079400869086,0.0,0.009189243692162563,0.010068337433040142,0.006450574001064524,0.0,0.008968244189873076,0.0,0.005998904757689161,0.0
11.1,0.003745551312022144,0.0041108534060185775,0.0,0.0,0.0,0.011278654274065048,0.0,0.007990683516254649,0.00771547420299612,0.002492587300366722,0.02671663009095937,0.005319560877978802,0.013085927057545632,0.0,0.012508358340710402,0.007109697107807733,0.010076488488266477,0.008338119077961892,0.01054068939993158,0.007900174095993862,0.008913035708246753,0.016609783342573792,0.0,0.009453336824662983,0.01089937512006145,0.003911088570021093,0.0,0.010755176772363484,0.0,0.004927243280690163,0.0
11.2,0.0024133875558618456,0.005840729354531504,0.0,0.0,0.0,0.01165160079835914,0.0,0.025327812763862312,0.007369409504462965,0.006320114043774083,0.019496227432682645,0.007643575954716653,0.024947713754954748,0.0,0.009754563834576402,0.008217851718654856,0.008529777624062262,0.010347332099627238,0.01556531642563641,0.019143934332532808,0.006865228824608494,0.012123401247663423,0.0,0.011552925534488168,0.011358882647982682,0.009902740857796744,0.007891262794146314,0.007519970677094534,0.0,0.009307886575697921,0.01247769127076026
11.3,0.007609035019413568,0.0168580067838775,0.016989316036415403,0.007964919495861977,0.00859844236401841,0.012969489325769246,0.014993856839282671,0.032454500324092805,0.014255832065828145,0.014381985674845055,0.017460207527619787,0.014231468521757051,0.019718791591003537,0.0,0.015096659990376793,0.010820384268299676,0.013369197986321524,0.015565227004117332,0.016272153588943183,0.019645239590317942,0.008430416819464881,0.017867754359031096,0.0019183412223355845,0.01448815586627461,0.013175885105738416,0.015108744955796283,0.010803695149661507,0.009745622919581365,0.01568927884363802,0.0015484644973184913,0.02552012709202245
11.4,0.011966686142841354,0.02747332506260136,0.027404601860325783,0.01745785295497626,0.021406959131127223,0.01334955872152932,0.020244354964233935,0.02851797136827372,0.019142623350489885,0.023216302215587348,0.017901654355227947,0.023363168220384978,0.018230433779535815,0.003945063072023913,0.019753883680095896,0.018872345608542673,0.01881689837318845,0.020812864531762898,0.012365306683932431,0.019238080130890012,0.017180811328216805,0.018028970225714147,0.028091426065657288,0.013410519013632438,0.008623997746326495,0.02275935883517377,0.015578280290355906,0.007140334055293351,0.02807256121741375,0.0018129898808183498,0.028106326717534102
11.5,0.018823708087438717,0.02875132384360768,0.021082441162434407,0.03091260325163603,0.01414200207364047,0.012518908188212663,0.027078072889707983,0.017553250181663316,0.016186620268854313,0.017006020061671734,0.00690689223119989,0.02034428256592946,0.010921250359388068,0.0030149176382110454,0.015836040547583252,0.014632428792538121,0.01447616028599441,0.01647385535761714,0.005248601664789021,0.009925286449288251,0.01634539192309603,0.01644062540435698,0.020888085273327306,0.010243858378089499,0.008602495327068027,0.01477071171393618,0.006102900224504992,0.010705258173402399,0.015410046180477366,0.005401413145591505,0.025156969495583326
11.6,0.023209015489555895,0.02213373314589262,0.012598286266438663,0.02394979732343927,0.00703654714016011,0.012861530485679395,0.021255786414258182,0.012195597373647615,0.008617903367849067,0.004379476522444747,0.003964613206335343,0.007684375086682849,0.0035590930656326236,0.005719865876017138,0.004936988552799448,0.006353090575430542,0.002495642074791249,0.005761007851106115,0.007285530882654712,0.012037853957735933,0.010477478590473766,0.006764839345123619,0.008475537470076233,0.013891901180613786,0.007247279427247122,0.0035545181890483946,0.007219488907139748,0.009589131077518687,0.01783751940820366,0.011948745050176512,0.022569413267774507
11.7,0.031055326981004328,0.017915721546160057,0.011252339199927519,0.016239608403338934,0.008489604078931734,0.012569780665216967,0.01323522167695046,0.003687526477733627,0.013957525879959576,0.0,0.0,0.005091215716674924,0.0,0.021467859769472852,0.0025122863007709384,0.0,0.0,0.012436698307283223,0.00858813087688759,0.00396066447137855,0.002796138869598508,0.015944446495268494,0.008260364520538133,0.011181990666955244,0.007011811521806521,0.0,0.016257579845841974,0.013502101792255417,0.011578942758205812,0.02685053099412471,0.02024071931373328
11.8,0.02061318897176534,0.006599302578251809,0.0023362442743746215,0.008319820481119677,0.003450925651122816,0.009071911772480235,0.013714607266592793,0.0,0.0022143079513625707,0.0,0.009858022385742515,0.0007818592854391682,0.002450670435791835,0.01665755669819191,0.0009823095206229482,0.0005960421549389139,0.003516476026561577,0.0024556917924201116,0.007682110590394586,0.0016061917995102704,0.0032463625302625587,0.007994200277607888,0.015847589675104246,0.008820678194751963,0.009006719192257151,0.00015368597814813256,0.009635458918637596,0.013236130762379616,0.008545915879949462,0.021771620486106258,0.0024578231386840343
11.9,0.00857708908370114,0.00016301419236697257,0.0,0.0,0.005023698395234533,0.00972471694694832,0.00398456584662199,0.00483294905279763,0.0074373438701513805,0.00034090422559529543,0.013135815970599651,0.0023380025959340855,0.013996760244481266,0.02093101618811488,0.0015844505105633289,0.006079609956941567,0.006662230007350445,0.002522493882679555,0.030639257311122492,0.009602288973837858,0.007265145977726206,0.009470413642702624,0.02214270396507345,0.01708386407699436,0.0186533583473647,0.012168909306637943,0.027282858864055015,0.012154649157309905,0.006397510915121529,0.018958325672429055,0.03125990508124232
12.0,0.0043841258229804225,0.0,0.0005797397898277268,0.008994590170914307,0.00434366891568061,0.013665731094079092,0.01405751216225326,0.021956647833576426,0.007170642784330994,0.010696644894778728,0.012537742950371467,0.0063453866459894925,0.01460574108932633,0.029730628648394486,0.003737176666618325,0.008837263085297309,0.011795158789027482,0.0,0.020910899329464883,0.01690926685114391,0.013003940985072404,0.004838268396269996,0.03545084109646268,0.017724584322422743,0.02111206493282225,0.021269674180075526,0.021322767315723468,0.014675240527139977,0.004527504570432939,0.019609193768701516,0.021852979916729964
12.1,0.0026140765112359077,0.004980663798050955,0.010327572817914188,0.0265667538769776,0.01165985617262777,0.01170610950794071,0.026868845379794948,0.01407055100571597,0.007208297938632313,0.017506758922536392,0.015226300110953161,0.011473785152702476,0.013880069527658634,0.02933825096988585,0.00643723727989709,0.015426780155394226,0.011550213384907693,0.0011917606752831489,0.010435054718982428,0.012808616284019081,0.012392099160933867,0.0,0.04710679728304967,0.011542032370925881,0.014935026947568986,0.012959252635482699,0.014181356218614383,0.006564746654476039,0.024501811367372284,0.006009007920511067,0.0029457014898071066
12.2,0.009261752420570701,0.01173917466076091,0.022314722882583737,0.03915792243788019,0.019764046010095626,0.009581963531672955,0.023405234096571803,0.004060651262989268,0.017056758842954878,0.007961477094795555,0.006922419197508134,0.006623248482355848,0.014102037457632832,0.025549272540956736,0.005373592775868019,0.008884306407708209,0.0013794706319458783,0.007894839018263156,0.008842299575917423,0.011028210719814524,0.007746572719042888,0.0005625590347335674,0.03745177004020661,0.012726734566967934,0.013704071989195654,0.00583771921810694,0.008680681758050923,0.009332309855381027,0.022170971024024766,0.004445190716069192,0.0
12.3,0.015336121214204468,0.016757438716012985,0.023793379950802773,0.03651265360531397,0.02505245414795354,0.00766555513109779,0.019971515030192677,0.0071245088474825025,0.01515961776021868,0.0023117467571864836,0.0034515666993684135,0.006091873274272075,0.009543146252326551,0.01474418786528986,0.003284524063928984,0.0008643522778584156,0.0,0.013439904287224635,0.0,0.015470291691599414,0.0,0.003843168669845909,0.030696716130478308,0.010889972545555793,0.012100483436370268,0.00068634282797575,0.004851038611377589,0.007596577634103596,0.006550873731612228,0.00998410123429494,0.0
12.4,0.021038751292508096,0.018829579348675907,0.02218564841314219,0.023350472110905685,0.027127052017021924,0.00977940393568133,0.011548276030453053,0.0025434746135033492,0.009780819646039163,0.009679774839241873,0.009754563243404846,0.012075836712028831,0.007397483459499199,0.015256296155712334,0.0069850638101343066,0.006653438558714697,0.0054227815417107195,0.015554036253888626,0.003831590511254035,0.011747713142540306,0.005283068130665924,0.012675429497903679,0.02294690508279018,0.012895356194349006,0.011038313859899063,0.010005558797274716,0.011407817946746945,0.008022288820939139,0.02011709933867678,0.01336098779574968,0.0
12.5,0.008708994137123227,0.005410413286881521,0.015329535235650837,0.009596954150765669,0.019883851637132466,0.008281658483610954,0.001756753190420568,0.0063972278439905494,0.011939073956455104,0.01724087749607861,0.012686889022006653,0.010458688575454289,0.009726728330861079,0.008648122602608055,0.005427922442322597,0.009738351473060902,0.011733766029919934,0.010960067666019313,0.0007538302452303469,0.012014116437057965,0.008476178300043102,0.009206379763782024,0.008499901159666479,0.012703175598289818,0.01706239127088338,0.020927633449900895,0.010625000213622116,0.00805052652140148,0.002147431696357671,0.019086177453573328,0.011641288874670863
12.6,2.2198364604264498e-05,0.0,0.0036315124452812597,0.0016045078518800437,0.014359722699737176,0.01213319173984928,0.0,0.013109158026054502,0.007669503902434371,0.024344976409338415,0.0045030815817881376,0.015748407022329047,0.011319587792968377,0.0031622007372789085,0.008286322408821434,0.010109628583450103,0.014134820085018873,0.008129294255923014,0.0,0.0166631443426013,0.010616745130391791,0.012575771179399453,0.009028266504174098,0.012574801949085668,0.017523805654491298,0.025779779825825244,0.012746910579153337,0.011741067628463497,0.0007329838263103738,0.020464863046072423,0.03059717593714595
12.7,0.0,0.0,0.000479782756883651,0.0,0.009945298224920407,0.01789541078323964,0.0,0.010275255044689402,0.005509997899935115,0.022401045280275866,0.0012799605610780418,0.014447878565988503,0.006517405781778507,0.001154432975454256,0.00998398223600816,0.016415546779171564,0.01141237751198787,0.007690708225709386,0.001769076261552982,0.007673750587855466,0.013330618821782991,0.006226594850886613,0.0007202278356999159,0.0026376499590696767,0.016623283736407757,0.018243904050905257,0.002732764172606039,0.009125377036980353,0.01733891200274229,0.013782332753180526,0.016890252663870342
12.8,0.0012879623682238162,0.006031955635990016,0.004201765696052462,0.0015871177311055362,0.009289260051446036,0.015873457268753555,0.004072989213455003,0.008909086518542608,0.011202241585124284,0.011573369847610593,0.002276892846566625,0.010017241584137082,0.006916101156093646,0.01157588791102171,0.008117224206216633,0.009763102207216434,0.0,0.008175129914889112,0.00610881601460278,0.007184545538621023,0.0035451305302558467,0.00202904202069476,0.0021825984003953636,0.0,0.010043556976597756,0.0037907168007222936,0.0,0.012477184473027592,0.01760075567290187,0.008249889160651946,0.013287822948768735
12.9,0.01000150565232616,0.014755736629012972,0.014091010234551504,0.008039797830861062,0.00985417835181579,0.012241955100762425,0.0033267095568589866,0.01067384615453193,0.012383113789837807,0.008172715897671878,0.0008709830581210554,0.0104011848452501,0.00452194653917104,0.0208055175608024,0.012167046807007864,0.01027719205012545,0.010381411120761186,0.012354771824902855,0.0013182863767724484,0.009616236311558168,0.008354182355105877,0.007752831224934198,0.006515364220831543,0.0,0.010490383137948811,0.01178650080873922,0.010586257558315992,0.01717942490358837,0.018089364166371524,0.01023913464450743,0.0
13.0,0.023885156551841646,0.02561829547630623,0.017075057548936456,0.012222836667206138,0.01276103692362085,0.009628067818994168,0.0,0.010974030265060719,0.015597950259689242,0.0,0.014359827268890513,0.009405757446074858,0.009978110756492242,0.02439394185785204,0.014463062834693119,0.00416747760027647,0.0027703449632099364,0.012208934203954414,0.004994641567463987,0.007100845978129655,0.00552550995053025,0.007008875691099092,0.006522547046188265,0.0031396254780702293,0.011718820078385761,0.0,0.0028865886270068586,0.022454048666986637,0.012873301966465078,0.012331108446232975,0.0
13.1,0.02328070462681353,0.023775394074618816,0.013575638586189598,0.003459985600784421,0.011873538387590088,0.008235449895437341,0.007859121251385659,0.007185275680967607,0.023196245601866394,0.016583855322096497,0.02387450134847313,0.010446335218148306,0.014321545895654708,0.027801240794360638,0.01891615553176962,0.01985862385481596,0.025625239359214902,0.013502712827175856,0.009536992038192693,0.019256676896475255,0.021229083940852433,0.010479595075594261,0.011461059330031276,0.014165411703288555,0.015452589177584741,0.02629926282679662,0.009800862026168033,0.012978042650502175,0.0010482926154509187,0.012070874872733839,0.00025519271730445325
13.2,0.0183407764416188,0.020138542167842388,0.013122971286065876,0.007224838773254305,0.008643994588055648,0.010696093668229878,0.011386300320737064,0.009216304024448618,0.023418749769916758,0.02530225721784518,0.02123459751601331,0.016644801216898486,0.017095307921408676,0.012241344375070184,0.017666320418356918,0.018557320145191625,0.01807330125302542,0.01655001496146724,0.01432390051377297,0.01466702942707343,0.011551986335689435,0.014083291462156922,0.014385785034392029,0.021134520993655315,0.010792310313263442,0.013114492539898492,0.0,0.005696932676073629,0.003742213712030207,0.005630935920635238,0.012491579000197817
13.3,0.011526475500431843,0.011385197576601058,0.011197130370419472,0.004879395564785227,0.006379003752954304,0.009355883212265326,0.017357211218040902,0.009527604561299086,0.02053841482847929,0.01714649348286912,0.019929180925828405,0.013553584867622703,0.013964246318209916,0.005901823606109247,0.014638508691859897,0.0178209797013551,0.022264983199420385,0.016523431258974597,0.010419766476843506,0.012400652776705101,0.01656274042034056,0.012792135894414969,0.006254429681575857,0.018540854653110728,0.012248705552337924,0.01834344453527592,0.0,0.005284245271468535,0.001057828776538372,0.006731013709213585,0.013690273772226647
13.4,0.001746992493281141,0.002949352565337904,0.006507481302833185,0.0,0.011539067272678949,0.007943521420656907,0.01886388228740543,0.008234392225858755,0.022129695062176324,0.021375443029683083,0.01002919229449617,0.012721623425022699,0.012111227260902524,0.0,0.01370292462524958,0.012410964063747087,0.014619599169236608,0.017700086245895363,0.009976888977689669,0.00674104223435279,0.011740292538888752,0.012880946487712208,0.009288693890994182,0.012766893050866202,0.01218853416503407,0.022257934833760373,0.0,0.010976578341796994,0.006755779577360954,0.007248695301314001,0.012606541640707292
13.5,0.0,0.0,0.007745797774987295,0.0,0.009047086496138945,0.010924677462753607,0.027883495204150677,0.013220991168054752,0.00981731223873794,0.011356721734046005,0.004259239103703294,0.011814485378636164,0.008249263541983964,0.005735169106628746,0.011389966057322454,0.008307601365231676,0.0028997319168411195,0.009990389517042786,0.0025042843481060117,0.0015492393868044019,0.003538514665706316,0.004833977000089362,0.00815945357317105,0.004154632902100275,0.005215521014179103,0.004496614565141499,0.0,0.011817734048236161,0.019146080303471535,0.005131687503308058,0.012996460500289686
13.6,0.0,0.0,0.0058099880698136985,0.002791370206978172,0.008138085686368868,0.010423447201901581,0.02410989545751363,0.011588420020416379,0.002934957738034427,0.0,0.0,0.008488531020702794,0.0024772239703452215,0.010199870448559523,0.007288108463399112,0.004979427176294848,0.0,0.008582066220697016,0.0,0.002668689085112419,0.0,0.004175301000941545,0.008462707774015144,0.0,0.005860130368091632,0.0,0.012150044785812497,0.002049083814199548,0.009822557622101158,0.013716857247345615,0.00691788944095606
13.7,0.00840030174003914,0.015984500878403196,0.007591839093947783,0.0063608840537199285,0.011562774889171124,0.006789441322325729,0.01700184824585449,0.01352953477180563,0.00893383752554655,0.00019371029338799417,0.00601844018092379,0.009763921625562944,0.005317579198163003,0.010282735456712544,0.011538173275766894,0.007762397872284055,0.0,0.007698203553445637,0.005914117500651628,0.007005672341620084,0.002908985043177381,0.004343222099123523,0.008350457646884024,0.0,0.007099400208971929,0.00025379224098287523,0.04953520969138481,0.0,0.008267964440165088,0.01108333031879738,0.006089697817515116
13.8,0.014475877396762371,0.017695526985335164,0.009736861247802153,0.0027780336677096784,0.003732497862074524,0.010927464027190581,0.015950839388096938,0.01300340416491963,0.013015921213082038,0.006547342054545879,0.01985615090234205,0.011235918009333545,0.011526907692314126,0.0067951186792925,0.016735519748181105,0.015058215358294547,0.015036087424959987,0.00983744388577179,0.011170293364557438,0.015071983616508078,0.009381319541716948,0.011505748334457166,0.009250948787666857,0.003403972150408663,0.006799782568123192,0.007565106498077512,0.07733878039289266,0.0034555891761556268,0.016755307733546942,0.01218813206833147,0.012028540477331262
13.9,0.00809046148788184,0.007577921205665916,0.012752409384120256,0.015022199077066034,0.0,0.009743045375216752,0.007688771147513762,0.011170800135005265,0.006592745949092205,0.017053957417374477,0.015405143785756081,0.01268213520233985,0.008314083606819622,0.00746945537684951,0.012556414003483951,0.010784532059915364,0.01414989965269342,0.005593444220721722,0.008242751646321267,0.013860846811439842,0.012096460413886234,0.006608734793189797,0.006623114459216595,0.00802599941380322,0.004271428333595395,0.010523642995394766,0.0409220700385049,0.0,0.014998341794125736,0.004447560058906674,0.011405195145925973
14.0,0.0,0.0,0.014580618008039892,0.009296218977397075,0.0,0.007527808891722998,0.009754474449437112,0.010568256548140198,0.0018475308388588019,0.006864245078759268,0.004087264769623289,0.009225870744558051,0.008076186313701328,0.01211252369103022,0.008761118315305794,0.0023807540310372133,0.0,0.008499111063429154,0.006219725037226453,0.0032601609564153478,0.00035537323128664866,0.008271555489045568,0.010127152781933546,0.00033418371458537877,0.0038267178751993924,0.0,0.0,0.0,0.013575146731454879,0.0011386675760149956,0.010884489111049334
14.1,0.0,0.0,0.008841718845360447,0.005720342451240867,0.0,0.013396243884926662,0.017886410059873015,0.008235509485530201,0.004707048519776436,0.00039426531202479964,2.1885280148126185e-05,0.009681548181106336,0.008716101729078218,0.009012769151013345,0.007796968493494205,0.006356741287163459,0.004445935628609732,0.00962712927503162,0.009242112937499769,0.004821176662517246,0.0030606045766035095,0.00937918875933974,0.010437394812470302,0.0028476967418100685,0.009509290575806517,0.0,0.35557982278987765,0.004684696950789657,0.012292604660615325,0.004854644794249907,0.012557263653434347
14.2,0.0,0.0,0.007005597435636446,0.005443658155854791,0.00513249178766273,0.016005064535420388,0.008099253464024514,0.010006184602389112,0.006256367269088514,0.004529844118223991,0.0,0.013154100015526637,0.009754325437825173,0.007668639736948535,0.008048619420151226,0.004259030320099555,0.0015009150229161605,0.011813323217211291,0.006367470195982605,0.0054920419370319,0.0,0.008253629384853411,0.007830734684830531,0.009783487003005575,0.007731820733170025,0.00016466810393467313,1.0539073124527931,0.014386411348823458,0.011998500267509371,0.0029408438786049373,0.013923699963918068
14.3,0.012192974791105371,0.01094732724595815,0.008750106098887045,0.0,0.008134807503665797,0.013503934223990655,0.0018106803327100351,0.010578881192486733,0.010630513543219422,0.005463327397592366,0.006874139507999644,0.013665552396560088,0.009067962819244713,0.001148755727626849,0.010886366544582415,0.0071098609623732045,0.010341461093048565,0.013121302363288123,0.01463064092604327,0.010783966135932133,0.006666134122497169,0.013009946123929694,0.00587646194617264,0.01759670238243416,0.010531629559409339,0.010152141330763698,2.291736416518688,0.018241818179376423,0.0074956813477911055,0.010070304269902408,0.014818618983554188
14.4,0.013237352600299346,0.01032182146445848,0.00952931779465871,0.0,0.0048894534120336175,0.013123030948918313,0.004512052255449817,0.010612021287670359,0.016397740237152902,0.018526087151258253,0.019230451143812388,0.01304719874951843,0.00925217114854604,0.007052804285194725,0.017537023304612376,0.015481005593755981,0.024433534053969197,0.010918880925601115,0.01700683969829697,0.014898579102009535,0.017773817417037208,0.010250265841023065,0.010772730338430847,0.018914948668680154,0.01575785425302456,0.02570360422396334,4.294447675347328,0.016568864812143147,0.008472959452774376,0.015912021626718342,0.01674600993283093
14.5,0.01131188400904648,0.0008441909449175,0.008502270102326293,0.0,0.0020224714535288513,0.011798511113738641,0.0032984267454594374,0.012252534797880799,0.008577789280934667,0.02112258516717702,0.021399195611593314,0.013016085104027297,0.012497032803366892,0.009322147161583416,0.012320901296334341,0.007247324283525813,0.01417445695551578,0.010107959824381396,0.011850620503537357,0.012476111587602645,0.017246063092670738,0.009380276605952531,0.009855310490820557,0.025528158294036984,0.014514486229018075,0.017985085432883352,6.920728832483292,0.01153929071733728,0.01166024332633242,0.012022654755128315,0.012668217714235652
14.6,0.009227867412846535,0.0006704733368678717,0.010928730480372906,0.0,0.0022016120783519,0.009931142485584132,0.002143706369679421,0.011216710408916697,0.010172019974561408,0.013373668248277681,0.018758888327283785,0.012930954944749828,0.009428451885469258,0.009297321848862339,0.010311941514373757,0.010684500330171431,0.017070646790671162,0.011386747501092032,0.016047085700847674,0.01268034684471786,0.012076313578290865,0.013283233274705708,0.013608764159016573,0.018124501511920244,0.010985474527842598,0.0043617291794362245,8.589861690998077,0.008138056000461802,0.010668869072105736,0.013058121330686845,0.012445311222109012
14.7,0.0038810921978438273,0.0,0.010753701790235937,0.0,0.0005343959492165595,0.008649285009596497,0.009578149401932023,0.014270628744270653,0.010154019000765402,0.011256839206907898,0.013839702260156628,0.011328692635288462,0.011701147377607413,0.008135701646097004,0.009235809775418602,0.01262571953702718,0.010391216128482483,0.0076648249523714185,0.010739455901784822,0.010715718599385582,0.011939416581299156,0.012634481099667028,0.014608885503548663,0.007331009255722165,0.01246377363713691,0.004510561921051703,10.108499675989151,0.015274266588676255,0.010559628535702359,0.010169114059408457,0.009311165194958448
14.8,0.0,0.0,0.011097456299467012,0.0,0.008630449956399389,0.011215294653084129,0.006952847325010225,0.015367399028036743,0.007364328266703524,0.008235435088863596,0.007791887255734764,0.012791390618076548,0.013267542599351145,0.0071727289468981326,0.008862222530297004,0.00983714602625696,0.011768754047807306,0.009982283372664824,0.01021512878651265,0.011908079886779888,0.010455767824169016,0.01103004367905669,0.010195057111559436,0.013683180586667731,0.010658810904260463,0.013330335641512647,11.518687754869461,0.015722627431387082,0.010903115035034716,0.012427712863427587,0.01005485188215971
14.9,0.0030347359643201344,0.0002126500112353824,0.015383462887257338,0.002761821378953755,0.0014791740431974176,0.012885744945378974,0.01048028003424406,0.014255251153372228,0.0072003111927188,0.008176381816156209,0.006064768131182063,0.01108811324229464,0.010518322978896322,0.010581205715425313,0.010020639065260184,0.009180377383017913,0.012103597473469563,0.008472989647998475,0.009717176926642423,0.011187399868504144,0.00825377857836429,0.009729172306833789,0.009468714997638017,0.018399382970528677,0.007829095229681116,0.012954439007444307,12.931764274835587,0.013853888085577637,0.01084735570472617,0.009267593723052414,0.011329959379509091
15.0,0.008753831789363176,0.007065171957947314,0.016358415596187115,0.005725960727431811,0.005741606146330014,0.01593900757143274,0.014977241517044604,0.014623965253122151,0.009101684627239592,0.008310924167744815,0.006903509856783785,0.014157201294437982,0.010143633116967976,0.009357745293527842,0.00939332996495068,0.010353739417041652,0.011904950224561617,0.012571404949994758,0.013227488088887185,0.010855416985577904,0.008149455243255943,0.010155643467442133,0.007782171305734664,0.017835239850683138,0.01150072673226532,0.017696599825285375,13.747260421514511,0.018310289015062153,0.007510746654588729,0.008288408716907725,0.009046058330568485
15.1,0.008584226707171183,0.007783005712553859,0.015461022994713858,0.001851792330853641,0.0026134352083317935,0.017256315040867776,0.012267257407074794,0.012735600757878274,0.010029236946138553,0.005414362094597891,0.007111604390956927,0.014015163360454608,0.012931029341416433,0.010930503594863694,0.010889600307564251,0.011819864885183051,0.01249947672476992,0.013711656865780242,0.012590091064339504,0.01019608520437032,0.007187585488281911,0.012181486090412363,0.007098848873283714,0.011289323811070062,0.011399696704756934,0.017562176217325032,15.133724212646484,0.010302837181370705,0.008645887428428978,0.009465526018175296,0.009525026180199347
15.2,0.012892793165519834,0.01036306766764028,0.015347401786129922,0.001838754105847329,0.004459212505025789,0.017292301636189222,0.015940899902489036,0.012562538613565266,0.011941338889300823,0.006578217362402938,0.010149444533453789,0.015306274508475326,0.011936302180401981,0.010635937651386485,0.010074596111735445,0.013969476422062144,0.01581343552970793,0.013610537571366876,0.012776995999956853,0.011262173939030617,0.010364423505961895,0.012441600629244931,0.012010301361442544,0.00919754347705748,0.012447084418454324,0.009946356649379595,16.48236721754074,0.015471244842046872,0.00908113521290943,0.011555562814464793,0.012647952244151384
15.3,0.014568323967978358,0.011160592694068328,0.014486829750239849,0.0018035723769571632,0.008086632242338965,0.015147368249017745,0.014301519113359973,0.013270582276163623,0.012340988032519817,0.01377841384964995,0.012555683874779788,0.014932360008970136,0.011539499391801655,0.009517694707028568,0.013450230471789837,0.012987281261302996,0.015237744155456312,0.013153086347301723,0.013450797086989041,0.01260715289390646,0.010610024619381875,0.01197728059196379,0.012988876114832237,0.00827495299745351,0.013162087123532729,0.01440679538063705,17.77179926633835,0.014850865700282156,0.008445914136245847,0.009643669327488169,0.013482044232659973
15.4,0.016771490627434105,0.012276614870643243,0.012172112947155256,0.0,0.00713563960744068,0.014274324639700353,0.014789010456297547,0.012526000791694969,0.007470513846783433,0.014814089167884958,0.013173471261325176,0.01202718453896523,0.0126658781664446,0.010023901995737106,0.015518526706728153,0.010079111061713775,0.012945498419867363,0.008585731375205796,0.0073649539990583435,0.011845464905491099,0.013095717004034668,0.008569429714953003,0.01197362958919257,0.004172588742221706,0.012356068127701292,0.020329739127191715,17.231835424900055,0.01873911445727572,0.010134692420251667,0.012751559552270919,0.01509525922301691
15.5,0.015454705280717462,0.013619358360301703,0.009120698232436553,0.002886976581066847,0.0,0.008034746133489534,0.01402669684466673,0.011394138564355671,0.008756305087445071,0.02056438726867782,0.013463820359902456,0.008412356837652624,0.012708480644505471,0.014088313109823503,0.017439718503737822,0.011387090357857232,0.014296765498329478,0.009183312868117355,0.009267980931326747,0.012181992933619767,0.011919359676539898,0.009862031001830474,0.01362467861326877,0.008333708210557234,0.013912852064095205,0.028594474133569747,16.417537331581116,0.015778671368025243,0.009150500263785943,0.011960129340877756,0.013375292419368634
15.6,0.015276114281732589,0.014769340923521668,0.00872718810569495,0.0,0.0,0.009102906042244285,0.011568034969968721,0.011993746666121297,0.00861301574332174,0.016572292079217732,0.010720278503981717,0.008517961077814107,0.012356008810456842,0.011909807872143574,0.01336802110017743,0.010520260220800992,0.014507110281556379,0.012966047281679494,0.011915112809219863,0.010495539063413162,0.011103998258477077,0.011294718206045218,0.012158657918917015,0.011794234451372176,0.011785025853896514,0.02383954415563494,15.882432758808136,0.010749678358479287,0.009490858356002718,0.010946895126835443,0.010593454237550759
15.7,0.0198151427321136,0.016931782593019307,0.010757724667200819,0.0,0.0,0.010205204525846057,0.011373187153367326,0.012721712701022625,0.010803218247019686,0.011703188883984694,0.006959642396395793,0.009367848688270897,0.012646282993955538,0.006252149905776605,0.013165842028683983,0.012561406401800923,0.013988252030685544,0.013202871232351754,0.012964571942575276,0.011242548789596185,0.011346201717969961,0.011313001741655171,0.010909374104812741,0.006648550770478323,0.012110050083720125,0.009100581301026978,15.121856331825256,0.008298481698147953,0.009215886893798597,0.012416358076734468,0.01109437164245719
15.8,0.01526256965007633,0.015118951559998095,0.013058657787041739,0.0,0.0022268545581027865,0.012850161001551896,0.011918510717805475,0.01454159151762724,0.01137864099291619,0.010373409240855835,0.009194578387905494,0.014038379486009944,0.013759310531895608,0.012441183607734274,0.01148844832641771,0.014071579280425794,0.015787268930580467,0.016295681707561016,0.013674642250407487,0.013058300537522882,0.010557185050856788,0.012599150904861744,0.013791273522656411,0.0077556626638397574,0.011926214283448644,0.004979859368177131,14.365401566028595,0.007255818054545671,0.011089708423241973,0.012216324976179749,0.01048188971253694
15.9,0.01412590907420963,0.006920586401975015,0.011848370486404747,0.0,0.0,0.012335147184785455,0.011982347059529275,0.011282454361207783,0.008901666151359677,0.007103408861439675,0.009284581065003294,0.009286205167882144,0.013828571027261205,0.00707876228261739,0.010549570451985346,0.011943723147851415,0.01434108147805091,0.014395992138815927,0.013828809460392222,0.013936142495367676,0.011816645710496232,0.01118716158089228,0.010607446674839593,0.005061457923147827,0.013405139761744067,0.005895923095522448,13.274134695529938,0.008178795978892595,0.01078411441994831,0.013143847463652492,0.01142876863013953
16.0,0.00861639840877615,0.0013345733168534935,0.011157955013914034,0.0,0.0,0.008668179798405617,0.01213231254951097,0.010809551167767495,0.006217668822614542,0.010173107584705576,0.010886813543038443,0.007141406858863775,0.012394855875754729,0.009133245330303907,0.012212301603540254,0.01101983627449954,0.012338395245024003,0.011776398023357615,0.014439935912378132,0.01400497101712972,0.011109481856692582,0.011350433487677947,0.0100159746943973,0.009091998626900022,0.013053979055257514,0.007010887493379414,11.717900484800339,0.004889558767899871,0.010868276294786483,0.013029526016907766,0.010078917475766502
16.1,0.005316640163073316,0.0,0.010344142938265577,0.0,0.0,0.01173693934106268,0.011963333090534434,0.011624540202319622,0.009237478589056991,0.006184916055644862,0.011778990738093853,0.009405653036083095,0.013462866772897542,0.011926780221074296,0.011105622493232659,0.011915589784621261,0.01395463477820158,0.010732005539466627,0.013298417543410324,0.012924607144668698,0.010813500193762593,0.011536787205841392,0.012318084700382315,0.007949645660119131,0.013218338717706501,0.006454984686570242,9.868851155042648,0.0036066281609237194,0.009822661813814193,0.011160220237798057,0.00999196923658019
16.2,0.003023932804353535,0.0,0.005652274121530354,0.0,0.0,0.01092880527721718,0.011194805410923436,0.011479880195111036,0.009914795982695068,0.007592688416480087,0.012931595629197545,0.009039427241077647,0.012043501483276486,0.01055936061675311,0.010779286894830875,0.011472608312033117,0.010546485937084071,0.011130417988169938,0.011618654571066145,0.011671493848552927,0.009596194140613079,0.011852378956973553,0.00939949881285429,0.011561225255718455,0.012246246478753164,0.00023763929448250565,8.395149633288383,0.007099743379512802,0.00800010107923299,0.013511534169197148,0.010431583323224913
16.3,0.0027160151512362063,0.0,0.01029352395562455,0.0,0.0,0.011294822616036981,0.013370986271183938,0.013795877748634666,0.015447224750460009,0.011040921235689893,0.016207362641580403,0.018448631708452012,0.014156873658066615,0.01581486576469615,0.012703920801868662,0.012898545173811726,0.013194437196943909,0.014420817751670256,0.010918866319116205,0.012526939681265503,0.011644924961728975,0.012631814024643973,0.013176913853385486,0.012830834239139222,0.014149065609672107,0.006736154900863767,7.28740856051445,0.006061996973585337,0.009276743221562356,0.009679655559011735,0.013019870326616001
16.4,0.0052370832418091595,0.0,0.012168954272055998,0.0,0.0022391929815057665,0.013614709314424545,0.011619980505201966,0.014180059952195734,0.01778502275556093,0.010572324754321016,0.016418973900726996,0.020422573415999068,0.011507744784466922,0.012757326010159886,0.008992816525505987,0.011873061957885511,0.012450854264898226,0.014728407477377914,0.010943393353954889,0.011774699232773855,0.010421539809613023,0.011800463689723983,0.009417142136953771,0.013203824928496033,0.013839046587236226,0.007833595627744216,6.701659262180328,0.005854333867318928,0.0105067748518195,0.01124403890571557,0.01432425820894423
16.5,0.006546999065903947,0.0,0.013060341698292177,0.0,0.0029081060347380117,0.01725603186059743,0.011995296081295237,0.014102082059253007,0.018439586565364152,0.015697713315603323,0.01801426216843538,0.019556667102733627,0.013949806852906477,0.015577981830574572,0.012112553558836225,0.012213225654704729,0.01424073736416176,0.019003193301614374,0.009212593777192524,0.013681124110007659,0.013201306574046612,0.012643735244637355,0.00834942955407314,0.016309301627188688,0.014261226224334678,0.016419361636508256,6.235148310661316,0.01576154987560585,0.011227334471186623,0.01235697724041529,0.017064358180505224
16.6,0.010043467445939314,0.0,0.011769855736929458,0.0,0.004758934483106714,0.014901543909218162,0.010150070447707549,0.013362105237320065,0.01313639711952419,0.011184255999978632,0.013462255446938798,0.013628731612698175,0.012857670844823588,0.008697594630575622,0.011562879099074053,0.013360838674998377,0.014285977158579044,0.012971337273484096,0.009972448606276885,0.013579274527728558,0.012544269629870541,0.011589448149607051,0.010131533199455589,0.014548669423675165,0.013568337217293447,0.016560282092541456,5.684045888483524,0.007432754064211622,0.007751534867566079,0.01162702901638113,0.010690580020309426
16.7,0.011067788072978146,0.0,0.009159247420029715,0.0,0.0,0.013680662377737463,0.009404788943356834,0.011276777077000588,0.008940096348055704,0.008617694402346388,0.008996303404273931,0.010560806258581579,0.009768392283149296,0.004276360268704593,0.008264984153356636,0.009614403679734096,0.012196089155622758,0.00844726991999778,0.008356685721082613,0.011956135858781636,0.011911536676052492,0.00619117467522301,0.010842006013263017,0.010948787530651316,0.01232584869285347,0.00959623917879071,4.893866367638111,0.005695532090612687,0.006601627210329752,0.011282603154540993,0.008986259781522676
16.8,0.007750849472358823,0.0,0.008539656992070377,0.0,0.0,0.00912519870325923,0.011104772802355,0.010513644083403051,0.007637257513124496,0.010086516813316848,0.005818750032631215,0.010352577519370243,0.009631390894355718,0.002527903125155717,0.008376802547900297,0.009810130286496133,0.00922265203371353,0.0086201978410827,0.0062565311236539856,0.011698941598297097,0.01033615590131376,0.007055561400193255,0.010929133168247063,0.0063516897625959245,0.010639558900038537,0.0028955889865756035,4.222676604986191,0.006728450825903565,0.0079985213233158,0.01156091209850274,0.007899041447672062
16.9,0.004509310238063335,0.0,0.0067414596560411155,0.0,0.0,0.007057751572574489,0.011711652623489499,0.010466779422131367,0.008339653795701452,0.008142421938828193,0.009132127452176064,0.012258629176358227,0.008391435258090496,0.002106274478137493,0.009245972178177908,0.011133130064990837,0.007798026636010036,0.009910489679896273,0.009149606521532405,0.009537394071230665,0.00987880985121592,0.007227609930851031,0.01184215699311153,0.008356939069926739,0.009649570365581894,0.0022991254809312522,3.9789599925279617,0.00622632636805065,0.008529241313226521,0.007630790769326268,0.008160139423125656
17.0,0.005785773973912001,0.0,0.00865549867739901,0.0,0.0027346711431164294,0.00962601145147346,0.013092229783069342,0.012693489697994664,0.012562613010231871,0.011355574824847281,0.012814517540391535,0.012548501588298677,0.011312837959849276,0.01176291232695803,0.010816510130098322,0.009681250030553201,0.010468076034158003,0.014794672897551209,0.006014134269207716,0.00971126115473453,0.009843612933764234,0.010233904504275415,0.010153438024644856,0.011424701078794897,0.008704330157343065,0.003542210324667394,3.9921965822577477,0.00799664354417473,0.006951580726308748,0.007325495680561289,0.008807714038994163
17.1,0.0053879572078585625,0.0,0.01105281276977621,0.0,0.003271933237556368,0.009631718712626025,0.012920375156681985,0.012446547771105543,0.014940644650778268,0.010656307531462517,0.01323037909969571,0.009479920554440469,0.00896307363291271,0.008078928294708021,0.007402534567972907,0.009090478652069578,0.007854293216951191,0.011103417127742432,0.006017114101268817,0.01199149657622911,0.009723509865580127,0.009199286869261414,0.01079597590432968,0.011143590225515254,0.011012236718670465,0.010413135751150548,3.8570270873606205,0.0050032544095302,0.009281690436182544,0.01074078245437704,0.00582573855353985
17.2,0.0056907635007519275,0.0,0.00802297392510809,0.0,0.0011345547682140023,0.012064273469150066,0.011582698061829433,0.012307341385167092,0.009510706295259297,0.010477389150764793,0.010675679077394307,0.004985909072274808,0.008217345166485757,0.007612089684698731,0.011051084220525809,0.00856853566801874,0.008584122188040055,0.008492480155837256,0.0,0.010431031842017546,0.01021515898173675,0.004065479333803523,0.009497458813712,0.002083610070258146,0.010339896398363635,0.010166312422370538,3.3394161704927683,0.0033076657564379275,0.008649106021039188,0.012028615346935112,0.0018837704919860698
17.3,0.0042027191375382245,0.0,0.009217704646289349,0.0008082640124484897,0.005788858106825501,0.014769564586458728,0.012278209760552272,0.013036962191108614,0.011582846782403067,0.011654521367745474,0.009236807964043692,0.011157761327922344,0.012442211591405794,0.011252309195697308,0.01027778816933278,0.011108155449619517,0.0068428619124460965,0.009646500548115,0.0009604646766092628,0.010685469133022707,0.013314153184182942,0.008161450764418987,0.012486840496421792,0.0011847570203826763,0.009434263229195494,0.007462198918801732,2.7021868666633964,0.006428952619899064,0.009075994603335857,0.012439902202459052,0.008432965032625361
17.4,0.004055466270074248,0.0,0.009483749890932813,0.0,0.0027153888368047774,0.011184658396814484,0.011125708842882887,0.012915293627884239,0.011529113398864865,0.008153434027917683,0.012354220179986442,0.010889481000049273,0.01180998544441536,0.005746091846958734,0.013237829443824012,0.01142578839790076,0.012702326057478786,0.010805825877469033,0.004253621373209171,0.011940713156946003,0.011846195411635563,0.013516406424969318,0.01165562411188148,0.0,0.010663147259037942,0.01126364921219647,2.4339375784620643,0.004529799334704876,0.007806236972101033,0.011366764992999379,0.010238985705655068
17.5,0.003024678153451532,0.0,0.007722686277702451,0.0,0.0,0.011953796056332067,0.012087921786587685,0.011941175034735352,0.014778117911191657,0.010730708918345044,0.016831944694786216,0.013319189893081784,0.014112661738181487,0.009977396002796013,0.015426229056174634,0.012100766543881036,0.018305818339285906,0.014648671422037296,0.022174964396981522,0.013283277658047155,0.011741648631868884,0.02148259722162038,0.01214752672240138,0.0012952937686350197,0.011220227243029512,0.0024387342273257673,2.117526144720614,0.008707235538167879,0.011232833603571635,0.01131334422098007,0.021982322323310655
17.6,0.002520839625503868,0.0,0.008768211264396086,0.0,0.0006978765304666013,0.0141410632932093,0.012252252054167911,0.011863033432746306,0.015951539535308257,0.013205776995164342,0.01729237577819731,0.013547520429710858,0.014213095419108868,0.010083119705086574,0.017233307371498086,0.012424032232729587,0.02923440515587572,0.015406112506752834,0.024514476826880127,0.017086411971831694,0.011759664048440754,0.026186000177403912,0.014236446004360914,0.0036188764352118596,0.014662737739854492,0.009720634006953333,1.7414056905545294,0.010373424156568944,0.012736285862047225,0.008447001710010227,0.021436880342662334
17.7,0.004750306834466755,0.0,0.010463546259416034,0.0,0.00041713909013196826,0.016316052060574293,0.010737801843561101,0.012204314407426864,0.013287643960211426,0.010806407080963254,0.013817365252180025,0.006899754644109635,0.009375910085509531,0.004289204953238368,0.014311696340882918,0.008941482010413893,0.020801480059162714,0.01305841920839157,0.028370166837703437,0.012083883339073509,0.010623584457789548,0.020914445485686883,0.014175872493069619,0.006862069603812415,0.015523250331170857,0.005903090495849028,1.4917966141365469,0.0065547779377084225,0.012182454520370811,0.009988035235437565,0.01565840379043948
17.8,0.0033176495344378054,0.0,0.00958078609983204,0.0,0.0006380630657076836,0.013991694577271119,0.011473710355858202,0.009889985594782047,0.008885498209565412,0.009552235642331652,0.011453206607257016,0.0016950023564277217,0.005718867578252684,0.005300085176713765,0.006481106429419015,0.0033478242767159827,0.015003601984062698,0.009144227151409723,0.030279885686468333,0.010151307069463655,0.010423596077089314,0.014916236368662794,0.012759443052345887,0.007961954368624902,0.013413111882982776,0.008232201421378704,1.2811243685428053,0.008047993032960221,0.017762835486792028,0.009592140995664522,0.010797451504913624
17.9,0.002557437401264906,0.0,0.007466460665455088,0.0,0.004339422157499939,0.012798930874851067,0.012752945767715573,0.011334772452755715,0.008561308350181207,0.01045111876919691,0.010622556692396756,0.0019737733964575455,0.007794420343998354,0.008809636492514983,0.007468993965176196,0.00791154358012136,0.009466002811677754,0.006548698002006859,0.020861814846284688,0.008161093428498134,0.011622335005085915,0.011822323358501308,0.011395971596357413,0.009613882139092311,0.01211607018376526,0.012482265883591026,1.149415634572506,0.0007104676842573099,0.013669084146386012,0.009633908994146623,0.004235695014358498
18.0,0.0034604620304889977,0.0,0.008023749469430186,0.0,0.002741689677350223,0.011567036854103208,0.011800180654972792,0.01177539972559316,0.0061620424094144255,0.011272619522060268,0.009779791362234391,0.00392473762985901,0.009348119594960735,0.008601675508543849,0.007155652456276584,0.0076500431532622315,0.002982880250783637,0.007422725902870297,0.008885215393092949,0.010594095328997355,0.011731530248653144,0.008243898773798719,0.009207169860019349,0.008767376857576892,0.012270863153389655,0.014841820520814508,1.1235177551861852,0.0,0.013490002311300486,0.011654700138024054,0.006177987561386544
18.1,0.0018750832532532513,0.0,0.007246265886351466,0.0,0.0065390270901843905,0.011601071164477617,0.011899675446329638,0.013366158527787775,0.014632414240622893,0.005820121004944667,0.00771224033087492,0.011996458706562407,0.01151543421997303,0.0110578493331559,0.010788317085825838,0.010089511961268727,0.008183012978406623,0.012456889362510992,0.001317333080805838,0.011780913191614673,0.01086389587726444,0.011573071242310107,0.010598506196402013,0.008309508684760658,0.012434373966243584,0.008230830790125765,1.0116193443536758,0.009608234158804407,0.010934005476883613,0.012146498120273463,0.015775631327414885
18.2,0.004486615944188088,0.0,0.007810811512172222,0.0,0.004682610597228631,0.009463275782763958,0.010896067251451313,0.01026196317980066,0.011545638553798199,0.006427462285500951,0.011663804907584563,0.005625824633170851,0.007869149703765288,0.008021022513275966,0.007428865064866841,0.007122959068510681,0.012127141671953723,0.01300017090215988,0.010943765519186854,0.009718681831145659,0.008563692754250951,0.014963398716645315,0.008314828301081434,0.011102999851573259,0.013399521667452063,0.006810720224166289,1.0058043760363944,0.0029037552303634584,0.008466671570204198,0.009506578753644135,0.01117363119192305
18.3,0.003865133330691606,0.0,0.007217358070192859,0.0,0.0022586240083910525,0.009494701953371987,0.01089001729269512,0.010023246650234796,0.010330806544516236,0.00727265614841599,0.00873019831487909,0.00841633511299733,0.0070831879929755814,0.008145372207764012,0.004483024749788456,0.008805926045170054,0.009231145595549606,0.010063137196993921,0.027102644235128537,0.009027268024510704,0.010242099961033091,0.010306815711373929,0.010304148250952494,0.012150491820648313,0.00928414915506437,0.010924051894107834,1.2506185634993017,0.0033427277230657637,0.008963088621385396,0.008768628504185472,0.0058093473217013525
18.4,0.002343233209103346,0.0,0.007963771859067492,0.0,0.005921851407038048,0.01154893179773353,0.012108321679988876,0.010671759955585003,0.011217947030672804,0.012732441537082195,0.01280138902075123,0.010327304698876105,0.010419632526463829,0.01141812972491607,0.007989297664607875,0.009296919452026486,0.004389266687212512,0.0093646003961112,0.015441592113347724,0.012806321610696614,0.011919657845282927,0.009503166147624142,0.010622303016134538,0.012399564438965172,0.011250759707763791,0.01088174753022031,1.4216248551383615,0.009126464719884098,0.010395239223726094,0.00935801406740211,0.0100930588087067
18.5,0.004874552978435531,0.0,0.007476548780687153,0.0,0.004656280507333577,0.009958397422451526,0.012832279753638431,0.012215878232382238,0.010551969608059153,0.01689771854216815,0.016943539667408913,0.008253822998085525,0.013409654930001125,0.01312011037953198,0.010883207796723582,0.01488458630774403,0.01445257177692838,0.0072152866050601006,0.0035457417834550142,0.013195331412134692,0.015741879906272516,0.0006387784378603101,0.010570640552032273,0.016527051978982854,0.0074669672267191345,0.009024272967508296,1.4468092750757933,0.002407352440059185,0.010782714598462917,0.011754552892853098,0.007743518108327407
18.6,0.002235347928944975,0.0,0.0073153324774466455,0.0,0.0015491197700612247,0.010722468723542988,0.013151804741937667,0.015574227145407349,0.01515993004431948,0.02151345746824518,0.013757343403995037,0.017739708673616406,0.01902654330478981,0.014759968471480533,0.01910593651700765,0.022567431645938996,0.018086250202031806,0.010598893459246028,0.00974928872892633,0.018727878923527896,0.019062484498135746,0.00754776134272106,0.012700434017460793,0.018581922340672463,0.009308288808824727,0.0158442510291934,1.3323968090116978,0.00889634608029155,0.013173962943255901,0.013245488589745946,0.014192621192705701
18.7,0.0,0.0,0.006925712514203042,0.0,0.0037690805038437247,0.010969545401167125,0.01191003160784021,0.014561543939635158,0.012572641426231712,0.01345504351775162,0.014435555058298633,0.012765492574544623,0.01750444935169071,0.013381819226196967,0.020657564691646257,0.018469135047780583,0.021715100010624155,0.01360132846457418,0.007291997917491244,0.01605207784450613,0.015464003336091992,0.010044406226370484,0.015157159068621695,0.014374236598087009,0.010035450650320854,0.012203599471831694,1.1276579851983115,0.006816695213274215,0.008709128014743328,0.014206508931238204,0.014416540798265487
18.8,0.005573610833380371,0.0,0.009301330355810933,0.0,0.004756982380058616,0.012509773368947208,0.010990525770466775,0.013685102749150246,0.0127116845396813,0.008965830493252724,0.0069341315247584134,0.010122279782081023,0.01335978027782403,0.010847266094060615,0.012556786896311678,0.014880354483466363,0.017823855559981894,0.012085924972780049,0.011523718887929135,0.012464533501770347,0.01194422977278009,0.012400354171404615,0.014437327918130904,0.01170154948340496,0.010394195924163796,0.007226626403280534,1.1821860948111862,0.008056338119786233,0.009254808392142877,0.012267614692973439,0.008861119858920574
18.9,0.002984966558869928,0.0,0.009353394671052229,0.0,0.002666707441676408,0.01383923998218961,0.011775697494158521,0.01526939362520352,0.011169056670041755,0.004946585249854252,0.005261550759314559,0.010790387968881987,0.009878675800791825,0.00710853491909802,0.006685729204036761,0.01057637738995254,0.011260177416261286,0.010581607839412754,0.012232984722686524,0.010472293070051819,0.010835792127181776,0.015975977694324683,0.010976876073982567,0.011985550954705104,0.012567321864480618,0.011146466138143296,1.2244902621023357,0.004221717463224195,0.011580999489524402,0.011350686672813026,0.011129568592878059
19.0,5.301379133015871e-05,0.0,0.006976286967983469,0.0,0.005490909388754517,0.011877233864652226,0.01103736005461542,0.011918987511307932,0.010090346713695908,0.005751351854996756,0.007481466163881123,0.00756129182263976,0.007686446406296454,0.004404301871545613,0.005182380791666219,0.0069844974495936185,0.008079464714683127,0.009785528282009182,0.006965960328670917,0.007562215614598244,0.008702526829438284,0.008674050848185288,0.008524681616108865,0.015063117434692685,0.012432526236807462,0.00931240143472678,1.2400284176692367,0.007340783777181059,0.011634404363576323,0.008322591938849655,0.00467581587145105
19.1,0.005195314879529178,0.0,0.007331903325393796,0.0,0.00290232477709651,0.012044916875311173,0.01286766942939721,0.010969306895276532,0.01006578928354429,0.008342231958522461,0.013568709473474883,0.011182869566255249,0.008081580399448285,0.006890695076435804,0.003608758647715149,0.004268909688107669,0.008241365721914917,0.007700557689531706,0.005559141645790078,0.007107864221325144,0.009043629397638142,0.0059990090085193515,0.005543048609979451,0.013984913821332157,0.011818225366369006,0.010097513913933653,1.1989854485727847,0.010099078644998372,0.011616970514296554,0.008003737053741133,0.0045952602522447705
19.2,0.00539370917067572,0.0,0.005751068383688107,0.0,0.007703865849180147,0.009162912901956588,0.013559262588387355,0.010359193402109668,0.009806419766391627,0.010302449954906479,0.011671881366055459,0.012494529611899452,0.012345845898380503,0.00833960903037223,0.011481206092867069,0.00837723448057659,0.006849582496215589,0.008015836756385397,0.0016994130419334397,0.01123782529248274,0.008200313022825867,0.006616796599701047,0.008358891500392929,0.014188091532787439,0.010441507110954262,0.008118565194763505,1.1161956918658689,0.007594834314659238,0.011092107015429065,0.01106947218431742,0.00721226160749211
19.3,0.01093691069399938,0.000423933524871245,0.0052814137961831875,0.0,0.005671436811098829,0.007837901794118807,0.012486214473028667,0.008693094569025561,0.011157731751154643,0.007942478318909707,0.00818311731563881,0.010493527297512628,0.009791622928787547,0.010099809005623683,0.008774886873652576,0.006016339466441423,0.005339334747986868,0.01060740194589016,0.006869013332106988,0.011881436366820708,0.008668120165111759,0.00721364762284793,0.014986897876951844,0.006017859268467873,0.008808071943349205,0.0051258756957395235,0.9568093763664365,0.007261822929649497,0.0077078602043911815,0.012254129542270675,0.009871001675492153
19.4,0.009876455369521864,0.0,0.0072122466008295305,0.00022342370357364416,0.0050124335393775254,0.007986719720065594,0.014427106361836195,0.010314459796063602,0.012194822629680857,0.012470836954889819,0.01124259375501424,0.012548486920422874,0.010727609624154866,0.012259389332029969,0.00908788584638387,0.008532653628208209,0.0041112109465757385,0.010482068555575097,0.003641898692876566,0.011772434081649408,0.011520068219397217,0.012130256072850898,0.010244796758343,0.007521565203205682,0.010526279947953299,0.007550026566605084,0.8695372520014644,0.00602203104790533,0.008816759363980964,0.012151892196925473,0.008735771516512614
19.5,0.006450350483646616,0.0,0.00992729801509995,0.0012707072892226279,0.005994285747874528,0.012825007870560512,0.012025769392494112,0.014127517752058338,0.014448936271946877,0.012116100042476319,0.009147848177235574,0.009510840645816643,0.01058403702245414,0.009966592624550685,0.01290478850933141,0.011268521848251112,0.008364568639080971,0.01141494082958161,0.008964712906163186,0.011728013851097785,0.011159624118590727,0.015432144282385707,0.010058115294668823,0.006460513141064439,0.01484083644754719,0.004161934484727681,1.056192687829025,0.0033580916351638734,0.008991862705443054,0.013519118692784104,0.012694801262114197
19.6,0.005391876620706171,0.0,0.008649940791656263,0.0,0.008122797589749098,0.01527651726064505,0.011791507640737109,0.014218892174540088,0.012741680620820262,0.01225141721079126,0.010181660909438506,0.009021188307087868,0.012400354025885463,0.008950705960160121,0.011877263714268338,0.009046072882483713,0.00888728623976931,0.01195887780340854,0.008865858835633844,0.0108045143133495,0.011202018213225529,0.01243991675437428,0.009726818025228567,0.01242118640220724,0.014540638221660629,0.00962048303335905,1.4119400060735643,0.006938437873031944,0.009478266729274765,0.011750768317142501,0.013276765967020765
19.7,0.0,0.0,0.007359932715189643,0.0,0.004937525372952223,0.014251972534111701,0.01252355708857067,0.01408150332281366,0.0106043024425162,0.018462355765223037,0.011610756773734465,0.014777834876440465,0.014324541261885315,0.011078264105890412,0.014197076961863786,0.008987228393380065,0.01163585032827541,0.013353492395253852,0.004343564651207998,0.012469003995647654,0.01105226136132842,0.011554594311746769,0.00485349737573415,0.01393219361489173,0.01271818153327331,0.010368610819568858,1.680446402169764,0.0075685782940126956,0.010233010616502725,0.009778405801625922,0.009074266235984396
19.8,0.0,0.0,0.005818988138344139,0.0,0.003813083458226174,0.010144691041205078,0.012289280857658014,0.008170287183020264,0.008490781183354557,0.01207762470585294,0.0095181718825188,0.009492303215665743,0.010591934551484883,0.007006834348430857,0.009795452797334292,0.004316891572671011,0.012722085493805935,0.008503417484462261,0.003707374635268934,0.013428504462353885,0.007941166877571959,0.004889289994025603,0.009685735458333511,0.01259269851288991,0.008703644343768246,0.010564382173470221,1.5847867098636925,0.005526478344108909,0.010813738117576577,0.009578313001838978,0.004886220231128391
19.9,0.0,0.0,0.006583805370610207,0.0,0.005193645920371637,0.009905005572363734,0.012748117878800258,0.010542239288042765,0.008736665622564033,0.006597737956326455,0.009054447509697638,0.008468682935927063,0.008264984044217272,0.00880905514350161,0.007660294941160828,0.006339634928735904,0.007612313347635791,0.008384103930438869,0.009328450250905007,0.011052157096855808,0.008250291684817057,0.0044840080954600126,0.013292442308738828,0.009385998491779901,0.008793304923528922,0.0060355170171533246,1.4151625917293131,0.008204068144550547,0.0059834669809788465,0.010950411633530166,0.007563109929833445
20.0,0.0,0.0,0.006061459716875106,0.0,0.00457955407910049,0.00879089129739441,0.014368917181855068,0.008760805503698066,0.010488371481187642,0.008775110818532994,0.01154526646132581,0.010401184954389464,0.008839841102599166,0.009713168365124147,0.009842823274084367,0.007988448078322108,0.010524119088586303,0.009382139087392716,0.01231850212207064,0.012595589068951085,0.009582634141906965,0.0074968889202864375,0.011806721886387095,0.00577920232899487,0.00898125318599341,0.006330843243631534,1.4839651295915246,0.007547642044301028,0.009940232448570896,0.010722513288783375,0.012113775264879223
20.1,0.0,0.0,0.007206555164884776,0.0,0.0002381761441938579,0.010135407210327685,0.011674831912387162,0.009784455469343811,0.010721991639002226,0.008431608621322084,0.011013994953827932,0.006252910025068559,0.010490696004126221,0.01111122481233906,0.009313951231888495,0.011273021518718451,0.013696218848053832,0.00786162472650176,0.013566429988713935,0.013372774265008047,0.010193641355726868,0.007936115434858948,0.014633069513365626,0.003032888416782953,0.0072031276795314625,0.0064932806708384305,1.5263695595785975,0.006487111568276305,0.01247936044819653,0.011422838215366937,0.0132429105360643
20.2,0.0018834121874533594,0.0,0.00930437003262341,0.0,0.0,0.012922297173645347,0.012893031089333817,0.01233830571436556,0.009631986758904532,0.009627620893297717,0.010447914719406981,0.007522071773564676,0.012929703225381672,0.009184311202261597,0.010079811536343186,0.010284940799465403,0.009485925693297759,0.009634490033931797,0.008683944994345438,0.010701919709390495,0.008050928936427226,0.008425976338912733,0.008584465103922412,0.009140009879047284,0.008507157672283938,0.011530528863659129,1.6049233684316278,0.003374349034857005,0.00975374417976127,0.012867714103776962,0.008917997765820473
20.3,0.00617096848145593,0.0,0.011395911715226248,7.53505082684569e-05,0.0017765865777619183,0.010218242769042263,0.011789242853410542,0.010738100099842995,0.010012771090259776,0.005557219556067139,0.009295354575442616,0.008709664652997162,0.012406970563461073,0.011361206707078964,0.006772260385332629,0.01336332701612264,0.008757095001783455,0.009233142582161236,0.007679517402721103,0.010710592523537343,0.008880282875907142,0.00649028574116528,0.005426447023637593,0.009459505963604897,0.007631640091858571,0.011378045091987588,1.5065404493361712,0.006324987334664911,0.011260192077315878,0.010196800649282522,0.006730834966219845
20.4,0.00517016182129737,0.0,0.012138973397668451,0.0,0.0030960097501520067,0.011121536590508185,0.01363232237054035,0.011486183270790207,0.011304895306238905,0.005929048165853601,0.010015855368692428,0.009254838441847824,0.009856457945716102,0.01297482376685366,0.009595896226528566,0.011608387430896983,0.010309289355063811,0.012110973584640305,0.0031466587824979797,0.00942210404900834,0.009222145338299015,0.003930251186829992,0.010673026663425844,0.0066138759211753495,0.009493286961514968,0.011376704096619505,1.1850003339350224,0.008161897858371958,0.012712474272120744,0.012074182832293445,0.00718144619895611
20.5,0.0036342101520858705,0.0,0.007613043489982374,0.0036859914871456567,0.00346986525983084,0.01250217406777665,0.01382748334435746,0.011497552477521822,0.01272280074772425,0.007887925130489748,0.009841676073847339,0.01262226235212438,0.011171395926794503,0.008725668594706804,0.009123455165536143,0.007925714508019155,0.011104549485025927,0.010820905899890931,0.010284255386068253,0.011201556044397876,0.009745026945893187,0.007932390362839215,0.009726072894409299,0.007568563523818739,0.010869513134821318,0.010196755829383619,1.0274364547876758,0.007246430395753123,0.01185570188681595,0.011383528717487934,0.010716478427639231
20.6,0.003881122393067926,0.0003039196599274874,0.004146183928241953,0.00284295849269256,0.006375085358740762,0.011647785649984144,0.011267374211456627,0.011162008049723227,0.008437092910753563,0.007063369484967552,0.009215678146574646,0.014262462864280678,0.010131562885362655,0.010230283078271896,0.011318634096824098,0.009099404414882883,0.00839739601360634,0.01052645890013082,0.012746434076689184,0.00988840576610528,0.008969600457930937,0.006033356621628627,0.010375122947152704,0.007237847094074823,0.00931746788410237,0.0040132955200533615,1.0937825588916894,0.0067221332574263215,0.011581714388739783,0.011294867199467262,0.011715050131897442
20.7,0.0024895029491744936,0.004559258377412334,0.004771078820340335,0.0027503327874001116,0.00695372680638684,0.00841065775603056,0.012380193074932322,0.010884429430007003,0.011294018040644005,0.011895667004750976,0.00985183854936622,0.014919768291292712,0.012035171821480617,0.011811236909125,0.013937811360165142,0.008240278148150537,0.014033015177119523,0.009193803330163064,0.01381763351673726,0.011046106810681522,0.011396150512155145,0.008345196747541195,0.01447733782697469,0.011675680852931691,0.009351681128464406,0.00423097146267537,1.155005901819095,0.0084966821668786,0.007660607589059509,0.01218308082115982,0.013527016526495572
20.8,0.004868055111728609,0.003741736727533862,0.007278244593180716,0.0009512409451417625,0.007593224763695616,0.011576260556580564,0.01202582865516888,0.011546652021934278,0.008669550618378707,0.012194808005006053,0.011991108640359016,0.014146338653517887,0.012001465292996727,0.012536088834167458,0.010286803371855058,0.01027418220473919,0.013666297163581476,0.00957834294240456,0.014009947844897397,0.008857171160343569,0.009488354316999903,0.008468787185620386,0.008004288356460165,0.015021647632238455,0.010713811025198083,0.007055322676023934,1.2149130320176482,0.007996569911483675,0.006139914330560714,0.011606331063376274,0.009861181843007216
20.9,0.001610095932846889,0.0,0.005984987365081906,0.0,0.0072041849489323795,0.01233145158039406,0.0138195110775996,0.012190382112748921,0.010279323178110644,0.011794353722507367,0.014530922169342375,0.011962796525040176,0.013990471925353631,0.014909679593984038,0.010908480071520898,0.01126195042161271,0.011548127367859706,0.008436437041154932,0.00745246848964598,0.00921260863833595,0.010542418021941558,0.0051692230408662,0.008016403153305873,0.008659269137751835,0.008673067350173369,0.008479307507514022,1.1921008280478418,0.007320071672438644,0.005700777110178024,0.010854850693249318,0.00930665002670139
21.0,0.003386552562005818,0.0,0.008992846705950797,0.0,0.00646186905214563,0.010147387947654352,0.013523171801352873,0.013964245736133307,0.01151817588834092,0.010198946110904217,0.009694139662315138,0.010377298312960193,0.010811473548528738,0.011609236535150558,0.013519789099518675,0.010655666919774376,0.014240185500966618,0.00902409390619141,0.007950763101689517,0.008344005036633462,0.010855148721020669,0.006124834822003322,0.009194876256515272,0.008320490815094672,0.007651696869288571,0.012213613226776943,1.0942901216913015,0.006049181392882019,0.005720655317418277,0.010835955908987671,0.00830909148135106
21.1,0.002840961533365771,0.0,0.007069389685057104,0.0,0.0067643774673342705,0.009059588774107397,0.01271782341063954,0.011107127647846937,0.009886707266559824,0.014222646896087099,0.008279453104478307,0.012067372954334132,0.011681611649692059,0.015438298578374088,0.01420236681951792,0.00933126633754,0.010789836596813984,0.0061114831987652,0.009573067727615125,0.007803987100487575,0.009482587774982676,0.006369839538820088,0.008204932328226278,0.007162745023379102,0.01094665662094485,0.01308288708969485,0.972939117345959,0.010349239164497703,0.0065884547075256705,0.009005691017591744,0.005383144307415932
21.2,0.0006759562529623508,0.0,0.0055021001026034355,0.0,0.006896938139107078,0.012401099083945155,0.014145727618597448,0.013223553833086044,0.009320925164502114,0.009515161564195296,0.012190546040073968,0.009288649271184113,0.012794430513167754,0.01082162096281536,0.011317680415317,0.009146924057858996,0.012181247439002618,0.009657661557866959,0.012655268365051597,0.011895860734512098,0.012891407386632636,0.009711782549857162,0.011663938930723816,0.009065027261385694,0.01198175123136025,0.010983209213009104,0.9742531611118466,0.007703657465754077,0.014135550009086728,0.011814038361990242,0.00882729440490948
21.3,0.003084088966716081,0.0,0.008556167958886363,0.0,0.004080648650415242,0.011433983745519072,0.013136233319528401,0.012753512128256261,0.010950069190585054,0.011953036155318841,0.008900310276658274,0.009911025808833074,0.011536802048794925,0.010574634361546487,0.009648318482504692,0.012074510741513222,0.014401743974303827,0.010720039881562116,0.016738589329179376,0.011320631056150887,0.013350586377782747,0.012078235886292532,0.008606041665188968,0.013942877849331126,0.015090759115992114,0.015474106075998861,0.9830988198518753,0.006820003327447921,0.010236214206997829,0.013278092155815102,0.009699682559585199
21.4,0.004453534638741985,0.0,0.01052578809321858,0.0,0.005419607477961108,0.014236237038858235,0.014983589644543827,0.015835802478250116,0.013656045339303091,0.0134014141804073,0.016120831833177363,0.012791300978278741,0.01618539849005174,0.011250491661485285,0.010369370847911341,0.01460513005440589,0.01931061899085762,0.014046396272533457,0.018941204543807544,0.013706977624678984,0.01629565202165395,0.013294841337483376,0.011230285745114088,0.012757877884723712,0.015088911168277264,0.016702885332051665,1.053306320682168,0.007660027185920626,0.011917378433281556,0.01372156559227733,0.010961334337480366
21.5,0.005787322988908272,0.0,0.012234757887199521,0.002183521937695332,0.005651096980727743,0.015274654142558575,0.016311759827658534,0.016320611466653645,0.01514103525551036,0.012700880761258304,0.013311902948771603,0.012223239405102504,0.015765155549161136,0.009939487354131415,0.01256700914382236,0.013858328311471269,0.017474557462264784,0.015173669416981284,0.018639381332832272,0.012011508515570313,0.013726110628340393,0.010413940181024373,0.011548470065463334,0.01076232932973653,0.013225327361396921,0.009474466460233089,1.0373087925836444,0.0066714245986077,0.010066593767987797,0.011997114306723233,0.016315664279318298
21.6,0.0063996568496804684,0.0019751296531467233,0.010185564642597456,0.003152514764224179,0.003914500848622993,0.016162554966285825,0.014828021812718362,0.015186022210400552,0.015205379168037325,0.011981616662524175,0.010656054437276907,0.00941940706979949,0.012140671606175601,0.009472633537370712,0.016380275801566313,0.012716214287138428,0.016541267541470006,0.016107941892187227,0.02087045751977712,0.011317442476865835,0.013095881149638444,0.011633257745415904,0.00986305933110998,0.009583826176822186,0.01214026939123869,0.008390928614971926,0.966827399097383,0.005540172860492021,0.0138992914071423,0.010137821846001316,0.016365970586775802
21.7,0.008147309708874673,0.007416988446493633,0.004651407653000206,0.0026926357531920075,0.0036505862226476893,0.013304020394571126,0.01465293375076726,0.014149751223158091,0.012550498213386163,0.008823241078061983,0.009511466269032098,0.009295488853240386,0.009388665712322108,0.008720870246179402,0.014179374542209189,0.011084164580097422,0.012751619557320737,0.014185960535542108,0.017450670711696148,0.009800146417546785,0.010656948252290022,0.011385391262592748,0.010215143847744912,0.0038342132756952196,0.009916196650010534,0.009737725558807142,0.6873203751456458,0.006654496392002329,0.012199650664115325,0.011509771557030035,0.01348202966255485
21.8,0.005290399421937764,6.065725756343454e-05,0.003985802177339792,0.0,0.004023785586468875,0.006961237522773445,0.009762685222085565,0.011378849885659292,0.011523227382213008,0.012817914757761173,0.007520432918681763,0.005643601543852128,0.008933911958592944,0.00797079032054171,0.011147718105348758,0.00879917573001876,0.014356757455971092,0.01023026848997688,0.014481346479442436,0.008271347105619498,0.011660839895739628,0.006601791246794164,0.009941439434442145,0.0126452251788578,0.009966205107048154,0.013027350323682185,0.49596091907005757,0.007998551591299474,0.012149433823651634,0.010214055996584648,0.009445961040910333
21.9,0.004299874417483807,0.0,0.003383184812264517,0.0,0.0046319764805957675,0.005470166797749698,0.007566402782686055,0.008936415542848408,0.010615597529977094,0.013756628177361563,0.004962096863891929,0.004888857511105016,0.0081935033085756,0.007085080724209547,0.00823679123641341,0.009968395206669811,0.015005837194621563,0.00833715053886408,0.016027177771320567,0.011336441566527355,0.014122004995442694,0.010023902086686576,0.010606448158796411,0.012571210827445611,0.010849262471310794,0.014537806769112649,0.434186133206822,0.004122625687159598,0.01119470189223648,0.009137864481090219,0.007561738748336211
22.0,0.002447853912599385,0.0,0.006613771693082526,0.0,0.00652521412121132,0.004081363731529564,0.008417572098551318,0.009076650312636048,0.012356217121123336,0.013828571245539933,0.01138603232902824,0.00906776898773387,0.010092820411955472,0.011615957132562471,0.0047408596583409235,0.010640601976774633,0.01754770753905177,0.006226654477359261,0.017103160826081876,0.012544448370590544,0.0155159489804646,0.007602687401231378,0.009954984561773017,0.009256269186153077,0.01207415305543691,0.010880748814088292,0.6017782300477847,0.008699472309672274,0.009126375589403324,0.010173941955144983,0.008660147977934685
22.1,0.0013199100794736296,0.0,0.007061641299515031,0.0,0.008121396458591335,0.00943827151786536,0.009087244688998908,0.010848442907445133,0.013095240283291787,0.012593905703397468,0.01364145748084411,0.011499623506097123,0.015535126731265336,0.013414125278359279,0.007773230681777932,0.012114907476643566,0.017449940787628293,0.009887705441542494,0.02185914996516658,0.01402633939505904,0.012920822246087482,0.0112182901284541,0.010864670548471622,0.010345320097258082,0.00929069057747256,0.0060560360725503415,0.6482557859271765,0.005590866203419864,0.012249331484781578,0.011972482643614057,0.008032272735363222
22.2,0.0002148853673133999,0.0,0.006470854641520418,0.0,0.005966807366348803,0.012286762794246897,0.01164742873470459,0.014068777454667725,0.016001338881324045,0.013932580968685215,0.013525689982998301,0.012250254658283666,0.014437998906942084,0.012042577291140333,0.010130877999472432,0.011832411473733373,0.015756826105643995,0.012686173504334874,0.018621857452671975,0.0128010313892446,0.01204847838380374,0.013219277752796188,0.009074132103705779,0.011265213497608784,0.012175436277175322,0.007136817207538115,0.7598816638346761,0.008163924867403693,0.009020994621096179,0.010604168528516311,0.012279222573852167
22.3,0.0,0.0,0.0073550892375351395,0.0,0.005249898094916716,0.014493401977233589,0.011785159695136826,0.012746195279760286,0.013902510545449331,0.007626022488693707,0.013508389965863898,0.008873502956703305,0.009932901011779904,0.010254661756334826,0.00995298774796538,0.012694726756308228,0.013713489170186222,0.014464403475358267,0.015906225162325427,0.013961459553684108,0.011670644307741895,0.01242042621015571,0.010557528003118932,0.005922804703004658,0.012758801840391243,0.0037234677620290313,0.8324156678281724,0.007646481826668605,0.012688721544691361,0.012652451873691462,0.010946120405606052
22.4,0.0,0.0,0.0029405608074739575,0.0,0.002788449637591839,0.012563134077936411,0.011254425153310876,0.011269341557635926,0.008518512622686103,0.006579275286640041,0.011043603808502667,0.0092543319624383,0.008589158824179322,0.009398902911925688,0.010310168554497068,0.011644493060884997,0.012601311391335912,0.012092973211110802,0.015684421523474157,0.011098335453425534,0.010282839502906427,0.011753837752621621,0.006930853342055343,0.005951668281340972,0.008184636899386533,0.0,0.7686183438636363,0.005432839971035719,0.011588106644921936,0.012834544359066058,0.009777943483868512
22.5,0.0,0.0,0.0038611693889833987,0.0,0.0047625704610254616,0.010217602884949883,0.011259059247095138,0.011009301124431659,0.007817278819857165,0.0077455444625229575,0.011319513723719865,0.011810864380095154,0.007608885994159209,0.010023738504969515,0.009778748280950822,0.010029683999164263,0.010986562265316024,0.008930812691687606,0.01207994941069046,0.010286267061019316,0.010740871948655695,0.0077646031058975495,0.006744946294929832,0.004352341638877988,0.010198707641393412,0.010507698461879045,0.6307945732260123,0.00916942541152821,0.008755172602832317,0.007263864536071196,0.012092809411115013
22.6,0.0,0.0,0.007431636795445229,0.0,0.006606082315556705,0.010095979305333458,0.01141082768299384,0.009404819065821357,0.009512792457826436,0.013320575490070041,0.011278594902250916,0.013891603302909061,0.011151115613756701,0.012495632254285738,0.013446252241919865,0.012677486356551526,0.016031275808927603,0.007164593007473741,0.012532721375464462,0.01261671888642013,0.011922936100745574,0.009564931315253489,0.0059921097999904305,0.012304316537665727,0.009443367962376215,0.006022776506142691,0.4127711337059736,0.0073453885852359235,0.011459987435955554,0.009370859042974189,0.012123327105655335
22.7,0.0006098853191360831,0.0,0.008476326984236948,0.0,0.004444192163646221,0.013881142949685454,0.012785266371793114,0.01195583761727903,0.011556412209756672,0.014924045062798541,0.01213892814121209,0.0097030503093265,0.01300918564083986,0.010949175339192152,0.012311126483837143,0.014542917833750835,0.014982278698880691,0.012667398259509355,0.01316654212132562,0.012727792636724189,0.010696332319639623,0.009404565498698503,0.008212070042645792,0.01981979167794634,0.012778516338585177,0.01581243734108284,0.18739754566922784,0.0063755016890354455,0.007993291947059333,0.010082777007482946,0.008566047290514689
22.8,0.004972154820279684,0.0,0.009260188162443228,0.0,0.007273043684108416,0.012617762658919673,0.014629180659539998,0.013511712313629687,0.015177781460806727,0.01678728628121462,0.014088179159443825,0.012092615361325443,0.012607659300556406,0.015556077560177073,0.011366571561666206,0.014157007740323024,0.014310206133814063,0.01603239288670011,0.012869905098398249,0.01154936384409666,0.011369939020369202,0.010469655753695406,0.009500469313934445,0.023446823252015747,0.016504327904840466,0.028265530854696408,0.13425875251414254,0.009915779228322208,0.011250014358665794,0.010867218516068533,0.01238791192008648
22.9,0.006898309584357776,0.0005667467485181987,0.009974429995054379,0.0012201623758301139,0.008161406076396815,0.010533477034186944,0.014508153690258041,0.012159551260992885,0.015923868340905756,0.01270395063329488,0.012992809643037617,0.011753926846722607,0.014829810243099928,0.011543612054083496,0.013161088281776756,0.015724386539659463,0.013955349977550213,0.017344678672088776,0.014525095975841396,0.01163859196822159,0.011126811732538044,0.012368540628813207,0.011795918399002403,0.017874311379273422,0.01703618014289532,0.01726531540043652,0.2413230249658227,0.009178067739412654,0.009054402471520007,0.013434584252536297,0.012457664415705949
23.0,0.0050861790077760816,0.0,0.009116705159613048,0.0,0.008003975490282755,0.010122622334165499,0.013593654039141256,0.013880740034437622,0.014479676901828498,0.0106299623803352,0.012004400923615322,0.012332315527601168,0.010580564994597808,0.00949397205886271,0.01054490636306582,0.01385370906064054,0.010293643354089,0.014773662405787036,0.01731571101117879,0.011258120503043756,0.011719564936356619,0.011755014857044443,0.013272578944452107,0.01010629106531269,0.014057661401238875,0.015918637509457767,0.4312038459465839,0.008384402390220203,0.009692574822111055,0.013149972364772111,0.012932668832945637
23.1,0.003254781768191606,0.0,0.007953847416501958,0.0,0.005969907506369054,0.010455841984366998,0.01200878105009906,0.01291077885980485,0.01114970029448159,0.009068394938367419,0.012147720262873918,0.013037170137977228,0.009401421048096381,0.012596126007338171,0.01332096326223109,0.011953438661294058,0.010978843056363985,0.01354929328954313,0.018412034260109067,0.011226873175473884,0.011143694573547691,0.013932581205153838,0.013430575781967491,0.004334340919740498,0.012758250213664724,0.009417827131983358,0.6026645947713405,0.009932424218277447,0.00997966097202152,0.012007485056528822,0.014025147238498903
23.2,0.002927060704678297,0.0,0.005414258048404008,0.0,0.00705015190760605,0.010966058180201799,0.01240866893567727,0.0117831930401735,0.011658097764666309,0.007690305774303852,0.010873104765778407,0.010027612806879915,0.009353320419904776,0.012824098630517256,0.013892049682908691,0.010776589824672556,0.010826106299646199,0.009588788307155482,0.022105093230493367,0.011344860395183787,0.01011549960821867,0.014762039500055835,0.014787386317038909,0.004282529698684812,0.010035718933067983,0.005974794803478289,0.7048137823585421,0.00689827895257622,0.012296269524085801,0.012209098204039037,0.012016231994493864
23.3,0.000676359049975872,0.0,0.004263008595444262,0.0,0.00626053981250152,0.012005727039650083,0.010121489904122427,0.012113178963772953,0.012667889932345133,0.013347442436497658,0.012059296714141965,0.011074433859903365,0.00908137397345854,0.012621174973901361,0.012044395334669389,0.010537962525631883,0.013953144989500288,0.008549730337108485,0.01891189385787584,0.0123550248099491,0.011990155326202512,0.01303882454521954,0.012542168551590294,0.009259472280973569,0.008701811457285658,0.008008117438293993,0.6737510187122098,0.008016522042453289,0.012190844390715938,0.012299577938392758,0.012296284430703963
23.4,0.004262025177013129,0.0,0.005774627497885376,0.00034448050428181887,0.0070886118373891804,0.012526477803476155,0.010936881299130619,0.010459254626766779,0.013588885558419861,0.01089104564016452,0.011609415523707867,0.012187878601253033,0.011513526660564821,0.012343283015070483,0.01158405386377126,0.011500696637085639,0.01522676189779304,0.009105767530854791,0.015696833725087345,0.012164736835984513,0.010895680024987087,0.012906755509902723,0.011502931884024292,0.01250053508556448,0.00989064144960139,0.011567245601327159,0.622228786960477,0.005506883317139,0.010704721789807081,0.010621260007610545,0.009693826546026685
23.5,0.007826473156455904,0.001185740838991478,0.006931315583642572,0.00018751175957731903,0.007087851990945637,0.011576141987461597,0.011896233190782368,0.01113459024054464,0.014157842233544216,0.009241934167221189,0.01227038650540635,0.01526468520751223,0.010405446664663032,0.011227961040276568,0.012897039850940928,0.010656873712378001,0.015141125186346471,0.010713185401982628,0.014556909845850896,0.012685011388384737,0.01440238527720794,0.01143133205914637,0.007115836124285124,0.010700414968596306,0.009805451481952332,0.011087934653915,0.5467993853380904,0.008319388216477819,0.009370814368594438,0.01169961215055082,0.010452832211740315
23.6,0.005911390471737832,0.002403045946266502,0.009774263598956168,0.0007784919580444694,0.007507707559852861,0.012334803905105218,0.012172709466540255,0.010352800891268998,0.012543986667878926,0.00947635926422663,0.012336070794845,0.015756855573272333,0.011177386331837624,0.01142684675869532,0.012172828865004703,0.011275152555754175,0.013587112771347165,0.015750343809486367,0.009575079311616719,0.012974704732187092,0.01189118149341084,0.012140329417889006,0.006552244594786316,0.005986149481032044,0.011407207075535553,0.008997703989734873,0.5141497780277859,0.006231794832274318,0.01062973911757581,0.010152886534342542,0.013144354408609615
23.7,0.0051254883874207735,0.0,0.009744505296112038,0.0,0.007994513089215616,0.0137744503444992,0.012395138837746345,0.012184242732473649,0.011073703790316358,0.009887899559544167,0.012141432089265436,0.012535150744952261,0.012178371689515188,0.01221948434249498,0.01185699860798195,0.011625315142751447,0.011019389057764784,0.013595919372164644,0.012838686561735813,0.013285796158015728,0.012775565846823156,0.010911579274761607,0.009583662249497138,0.009488026844337583,0.011880840247613378,0.009036924020620063,0.487000267021358,0.007440697054335033,0.009849097114056349,0.011869083100464195,0.011866490385727957
23.8,0.0038666825275868177,0.0,0.008750761444389354,0.0,0.006084407650632784,0.010881970811169595,0.012103046392439865,0.014416824678846751,0.00955183342739474,0.010723407322075218,0.013550962612498552,0.009452725716982968,0.010460401681484655,0.012391175114316866,0.00964608317190141,0.00990336702670902,0.011730770638678223,0.012239868883625604,0.015780369794811122,0.011250148818362504,0.010855878863367252,0.012713189498754218,0.012031818914692849,0.007685001073696185,0.010148610308533534,0.007466713868780062,0.5183081794530153,0.006670873117400333,0.01208537389175035,0.012641812791116536,0.0115980608825339
23.9,0.0,0.0,0.005791823277832009,0.0,0.005446071882033721,0.011705304132192396,0.012962336768396199,0.012518029197963187,0.009150813129963353,0.014795567403780296,0.0147906196070835,0.010247077098028967,0.014765317609999329,0.012424464075593278,0.011471758916741237,0.010662312561180443,0.011933962668990716,0.010765726765384898,0.013351108063943684,0.011491443292470649,0.010731707225204445,0.012703384272754192,0.011964316800003871,0.012327994263614528,0.011017928909495822,0.010933543380815536,0.5522748804651201,0.010427574852656107,0.013499329361366108,0.012982304560864577,0.012613306844286853
24.0,0.0,0.0,0.007007877575233579,0.0,0.005240122736722697,0.011165167088620365,0.01257663534488529,0.012824426521547139,0.009004364983411506,0.01262251564185135,0.013786177296424285,0.011216591315132973,0.012324343406362459,0.01090910558559699,0.008806284022284672,0.01048427373461891,0.013907219472457655,0.010683830041671172,0.015619065015926026,0.012165392690803856,0.009033869137056172,0.011598657147260383,0.012130583709222265,0.012628997938008979,0.010342354835302103,0.008148129327310016,0.7928096782416105,0.007951970474096015,0.011938999959966168,0.012335995998000726,0.010394642940809717
24.1,0.0,0.0,0.007498542836401612,0.0,0.005373413659981452,0.011133368097944185,0.012663255438383203,0.011864061698361184,0.010647948511177674,0.01019095943775028,0.012458707205951214,0.012167211098130792,0.010787974315462634,0.01140862237662077,0.009033541282406077,0.011485214381536935,0.012290697050048038,0.012817691022064537,0.0107259852666175,0.013510073767974973,0.01277702598599717,0.01112103032937739,0.012745390558848158,0.01001663040369749,0.010513643828744534,0.0067678642517421395,1.0892176337074488,0.005622054741252214,0.010387654037913308,0.007819081656634808,0.00865202662680531
24.2,0.0,0.0,0.007854084833525121,0.0,0.004641036648536101,0.011769528282457031,0.011589344009053093,0.012304510455578566,0.010933141456916928,0.007819543679943308,0.00982124653091887,0.011328081745887175,0.010716463657445274,0.012516419519670308,0.013179684901842847,0.012853975531470496,0.012064199399901554,0.015574972348986194,0.012624155133380555,0.014312367420643568,0.01079585708794184,0.010533626409596764,0.010411004623165354,0.012981574109289795,0.011099483035650337,0.00613523578067543,1.3500561914406717,0.00475352571811527,0.009476195555180311,0.010535682522458956,0.009313087075497606
24.3,0.0,0.0,0.008296097862512397,0.0,0.006848718330729753,0.01145804941188544,0.011299903380859178,0.01182104206236545,0.010676781639631372,0.00864403962623328,0.011922265402972698,0.008704017236595973,0.010703738007578067,0.010036850926553598,0.0110492660314776,0.013383473378780764,0.012803952267859131,0.014357741019921377,0.015315870696213096,0.015424783487105742,0.009961645191651769,0.01196026336401701,0.014332498831208795,0.009833733784034848,0.01403870743160951,0.00779400288593024,1.4176673837937415,0.0064551336981821805,0.009781132685020566,0.01232349401107058,0.00941158350542537
24.4,0.002635399578139186,0.0,0.005059237446403131,0.0,0.0036137511779088527,0.012101899264962412,0.012580732927744975,0.012283767923690903,0.0102452590908797,0.006949718444957398,0.012152964955021162,0.009318257884842751,0.010632272023940459,0.010917927374975989,0.01066961427568458,0.01182588457595557,0.013390447275014594,0.013606767170131207,0.017979885305976495,0.014391372969839722,0.011358345946064219,0.012645627648453228,0.012295912310946733,0.010897006068262272,0.01321470300808869,0.0030299380159704015,1.341734454035759,0.005366469849832356,0.011651436798274517,0.012215952738188207,0.011029373154087807
24.5,0.0046919091255404055,0.0,0.007222513668239117,0.0,0.003507579385768622,0.011534507502801716,0.012560929280880373,0.010381858082837425,0.01293016510317102,0.011670659350784263,0.015008131886133924,0.008831526683934499,0.009809608454816043,0.010603929877106566,0.01181914980406873,0.01198540196128306,0.014873664185870439,0.008437643919023685,0.016416395956184715,0.012389819457894191,0.010180528479395434,0.013100857613608241,0.01420850632712245,0.015011500145192258,0.014553631554008462,0.014008368452778086,1.1723334997077473,0.006350512849166989,0.013335089315660298,0.011839072249131277,0.012413884533089004
24.6,0.004126514540985227,0.0,0.00514441286213696,0.0,0.004279131826478988,0.011646906787063926,0.012916083906020503,0.01064377516740933,0.008555735985282809,0.008063878085522447,0.01273209898499772,0.008949916082201526,0.009367640086566098,0.010091210715472698,0.010665397276170552,0.0137022091075778,0.01300084128160961,0.006380925697158091,0.011233087134314701,0.01277927600312978,0.010697911529859994,0.013594682604889385,0.010627071605995297,0.01442266526282765,0.014025355870899148,0.008181269440683536,1.1632188060320914,0.004566590650938451,0.012193571892566979,0.010742436279542744,0.011275078359176405
24.7,0.00031193631002679467,0.0,0.007805998247931711,0.0,0.005884464335395023,0.012020001595374197,0.01273585401577293,0.010172139445785433,0.007993246717887814,0.01149627125414554,0.010752330854302272,0.013052995200268924,0.012686352711170912,0.012920136359753087,0.011433373292675242,0.011412273524911143,0.012581120245158672,0.005306194361764938,0.011723349998646881,0.011721710734491353,0.011849130678456277,0.011089826839452144,0.013835514837410301,0.016554380745219532,0.011509026749081386,0.0066971880733035505,1.1272003897465765,0.007478307088604197,0.011326115345582366,0.010849575774045661,0.010875578091145144
24.8,0.00010147225111722946,0.0,0.008706118387635797,0.0,0.007047663093544543,0.011923487363674212,0.01338186404609587,0.011081482807639986,0.009932468819897622,0.00934251700527966,0.011494885548017919,0.007716859981883317,0.010696466197259724,0.010599653323879465,0.01022371172439307,0.012751068061334081,0.011961500349570997,0.010467971696925815,0.014941479021217674,0.01439779567590449,0.010581578317214735,0.013945783794042654,0.015683005622122437,0.017457540016039275,0.011496315710246563,0.009143720526481047,1.043921948876232,0.006411651847884059,0.009237925696652383,0.012606973759829998,0.00978378506260924
24.9,0.00041484367102384567,0.0,0.007918323608464561,0.0,0.007252837749547325,0.01145198504673317,0.012815887675969861,0.012496407507569529,0.012439618585631251,0.012778828895534389,0.011843408865388483,0.012247200356796384,0.011579390265978873,0.014077882806304842,0.013092543376842514,0.012277345449547283,0.012793983769370243,0.013495261664502323,0.017381380112055922,0.014282862684922293,0.009729499779496109,0.011768336553359404,0.009531359246466309,0.01347086887108162,0.011515135756781092,0.0071182950341608375,0.8935703645693138,0.004034887679154053,0.008135597163345665,0.014460752718150616,0.011826629934148514
25.0,0.0023579999106004834,0.0,0.008547852412448265,0.0,0.008964683365775272,0.01104387192754075,0.014776716707274318,0.011791775905294344,0.014465982822002843,0.01433588142390363,0.012949029915034771,0.012595291482284665,0.014432604511966929,0.013395782007137313,0.014732431009178981,0.011980439885519445,0.013123954558977857,0.013345803381525911,0.014019783047842793,0.013013372954446822,0.00835120226838626,0.011622126185102388,0.010730440899351379,0.010468701948411763,0.011845494937006151,0.014227847714209929,0.7576414541108534,0.010305907562724315,0.011159848218085244,0.014580856513930485,0.014906699943821877
25.1,0.003152455319650471,0.0,0.008265803917311132,0.0,0.010139773830815102,0.013202677364461124,0.01474681033869274,0.013104598147037905,0.01670160476351157,0.014168004563543946,0.01429390482371673,0.013590376183856279,0.01323455129750073,0.014215613773558289,0.013436715162242763,0.012379433028399944,0.011084581710747443,0.013494144222931936,0.015787060401635244,0.011067132581956685,0.00815954332210822,0.011275465949438512,0.010634283935360145,0.010698358587433177,0.013673986504727509,0.011603738530538976,0.49428788712248206,0.008415277407038957,0.011780063359765336,0.013512502337107435,0.013935412243881729
25.2,0.004356841673143208,0.0,0.0074665501597337425,0.0,0.007883126854721922,0.01389762281178264,0.012839581104344688,0.01236150652403012,0.012712414463749155,0.013201932852098253,0.013572003226727247,0.014106895250733942,0.011434714397182688,0.010748158601927571,0.014501164405373856,0.012348945510893827,0.01215734620927833,0.010567347417236306,0.013670648768311366,0.012127066729590297,0.009642492223065346,0.011717344459611923,0.010501215947442688,0.013006086819586926,0.01123237147112377,0.013793300022371113,0.3509415627922863,0.00562656918191351,0.009698625217424706,0.012660811480600387,0.012905682742712088
25.3,0.007691229839110747,0.0,0.0068016154546057805,0.0,0.006362925705616362,0.013515095051843673,0.012171010719157493,0.014351691352203488,0.006913925462868065,0.00948963611108411,0.011315609554003458,0.00693872119882144,0.009257684341719141,0.007520447543356568,0.00954502369495458,0.012851591527578421,0.01130483578890562,0.012141402257839218,0.012830267878598534,0.0116093858378008,0.011219333246117458,0.013125147015671246,0.010734165989561006,0.01515191328508081,0.012757788463204633,0.008909414827940054,0.5563450428599026,0.006066139176255092,0.012182588689029217,0.011572967232496012,0.011765118056246138
25.4,0.008799414208624512,0.0,0.007519672653870657,0.0,0.0036817145883105695,0.012189980043331161,0.009555677679600194,0.014494116403511725,0.003872136876452714,0.006508882361231372,0.009499694278929383,0.010252709398628213,0.008656601567054167,0.00918125660973601,0.009966994839487597,0.012444774692994542,0.011606286170717794,0.013019423349760473,0.013275767560116947,0.012892465310869738,0.011254052587901242,0.012665162794291973,0.012336249419604428,0.017679984666756354,0.013207713964220602,0.006860281428089365,0.6616949959425256,0.010453160139149986,0.009541208564769477,0.006287316864472814,0.010849113677977584
25.5,0.005636732093989849,0.0,0.006317461811704561,0.0,0.0010801506869029254,0.01105796851334162,0.009119506285060197,0.01182986354251625,0.0014851795276626945,0.006390656526491512,0.0077998891356401145,0.008356775215361267,0.01006912709272001,0.012629429634216649,0.012247945414856076,0.012164379586465657,0.010598684712022077,0.013691599306184798,0.01424157138899318,0.012722219544230029,0.008406604756601155,0.01016920350593864,0.009642566728871316,0.013412054249783978,0.011762331530462689,0.008230294115492143,0.7088612130610272,0.01184354281576816,0.01046055112965405,0.0092683689945261,0.008564124982513022
25.6,0.00517795531777665,0.0,0.007300878714886494,0.0009388282342115417,0.005609552899841219,0.010065729438792914,0.009214634919771925,0.011228780203964561,0.012334878847468644,0.007878492688178085,0.011762763424485456,0.007146070711314678,0.012760247336700559,0.012637670333788265,0.014269451785366982,0.011896754695044365,0.010729099594755098,0.013394038105616346,0.012659798267122824,0.012017498956993222,0.00883723325387109,0.010818521623150446,0.01292083688895218,0.00564491274417378,0.01206516777529032,0.00983112578978762,0.6498955411370844,0.007500673418689985,0.010389159665464831,0.009669001556176227,0.007862965503591113
25.7,0.003418366250116378,0.0,0.005281861376715824,0.0,0.006878088461235166,0.010692711512092501,0.014048259254195727,0.009169648546958342,0.011623318423517048,0.010506401886232197,0.0130551410256885,0.01202614133944735,0.01025273923005443,0.010641391163517255,0.012617687752936035,0.012755404659401393,0.010894711231230758,0.012036214684485458,0.01319679145126429,0.011305387306492776,0.008710603360668756,0.011379624920664355,0.010440210899105296,0.005424971786851529,0.010478074575530627,0.008887346048140898,0.5568699909053976,0.004406089865369722,0.010771388770081103,0.011733557330444455,0.0103668229712639
25.8,0.00354307412635535,0.00029429298592731357,0.00832324796647299,4.3000472942367196e-05,0.007755752158118412,0.011876206117449328,0.014774556257179938,0.009419421839993447,0.008288736426038668,0.00862136010255199,0.01336216475465335,0.010447452732478268,0.008405368080275366,0.009099925518967211,0.007692436774959788,0.012258599454071373,0.009660105333750835,0.011735300504369661,0.012283291034691501,0.00899891099834349,0.00872617521963548,0.010245929415759747,0.012946318202011753,0.007743368769297376,0.010327751624572556,0.009732584585435688,0.43293100548908114,0.00628900044830516,0.009148756944341585,0.013654108479386196,0.011610548208409455
25.9,0.005508046015165746,0.0,0.00635772492387332,0.0006453350670199143,0.005759190098615363,0.010815421846928075,0.013702775613637641,0.010888095130212605,0.007331039014388807,0.01122921246860642,0.011025096464436501,0.010054628364741802,0.01034806206007488,0.009850512724369764,0.01091190701117739,0.01120909601013409,0.009773130495887017,0.009697015484562144,0.013895656011300161,0.010321910710899829,0.011314968578517437,0.010133544783457182,0.012132729607401416,0.013431470142677426,0.009347106570203323,0.005825470288982615,0.3656706999754533,0.005179564468562603,0.009467462950851768,0.010316217958461493,0.013530800897569861
26.0,0.0022930753766559064,0.0,0.004098530043847859,0.0,0.004340629166108556,0.0069349067052826285,0.013331035843293648,0.011075641377829015,0.007514948883908801,0.013776014820905402,0.012691225274465978,0.013324882020242512,0.008726458108867519,0.010507176630198956,0.009500677842879668,0.011820997387985699,0.010297085245838389,0.010491038920008577,0.014585043318220414,0.009951422889571404,0.010877306340262294,0.009705539123388007,0.010725523570727091,0.010836805377039127,0.010166849124289001,0.01067205834260676,0.2732862485572696,0.005202363099670038,0.009208913252223283,0.010473663860466331,0.011597434840950882
26.1,0.0,0.0,0.006177182440296747,0.0,0.004116709460504353,0.009034494869410992,0.011944676407438237,0.012871276121586561,0.006002019508741796,0.01169572328308277,0.010668511531548575,0.008746723833610304,0.010801727912621573,0.013021539052715525,0.011685620338539593,0.0134093119913814,0.01024437980959192,0.011250610696151853,0.012709523653029464,0.012329990859143436,0.011650841042865068,0.01067100020009093,0.012368346433504485,0.007170597673393786,0.0123315852624728,0.0023666575725656003,0.11035023315344006,0.005170609074411914,0.00859105130075477,0.011756266685551964,0.010797823779284954
26.2,0.0,0.0,0.006562421731359791,0.0,0.004250551646691747,0.008243600896093994,0.01278243482374819,0.013848896269337274,0.010118777863681316,0.015853817221795907,0.013504753878805786,0.013010616530664265,0.010529722203500569,0.015881668077781796,0.014542306744260713,0.014868106009089388,0.010548944846959785,0.011747772950911894,0.016600038143224083,0.01170032744994387,0.010084967289003544,0.011199007713003084,0.011901121033588424,0.00910412798816651,0.011044497923649033,0.006057854038772348,0.028462824411690235,0.006929064638825366,0.011646802831819514,0.008803750533843413,0.010440658006700687
26.3,0.0022033703862689435,0.0,0.005889977692277171,0.0,0.007318939142351155,0.010952841039397754,0.014875004853820428,0.012963588596903719,0.009607906804376398,0.012556443907669745,0.014429401198867708,0.011283497151453048,0.010664130822988227,0.01428158167982474,0.011059234821004793,0.015901605547696818,0.011013771581929177,0.014743174542672932,0.013091052765048516,0.012132670235587284,0.011638145224424079,0.01231067901244387,0.01259126809600275,0.006787996098864824,0.012146274384576827,0.009872655646177009,0.017802505171857774,0.006254459976844373,0.013075718998152297,0.012078191357431933,0.01300334484767518
26.4,0.0011562358122318983,0.0,0.0064622118952684104,0.0,0.005434940539998934,0.012095252895960584,0.014558459515683353,0.014719929022248834,0.009859959536697716,0.007817919249646366,0.010400290921097621,0.008897240768419579,0.006709138870064635,0.00852003286127001,0.00746871082810685,0.013520116808649618,0.01171703202999197,0.015417452377732843,0.015652309521101415,0.01142565430200193,0.008081759588094428,0.012563730706460774,0.010160650126636028,0.007696877473790664,0.011507923918543383,0.004718284180853516,0.287580203039397,0.007038007606752217,0.012507121136877686,0.010694037337088957,0.017350281677863677
26.5,0.005854020946571836,0.0010027094975839645,0.0021520807058550417,0.00014131818716123234,0.0060604914324358106,0.011273468917352147,0.013236116064945236,0.016616339853499085,0.008503924182150513,0.008489604078931734,0.012579451795318164,0.010491009261386353,0.00701692231814377,0.007709811034146696,0.006919155930518173,0.011357511648384389,0.011227245267946273,0.014918039523763582,0.020834307188124512,0.011813814780907705,0.008252318248196389,0.012843067961512133,0.012585292788571678,0.006487111731985351,0.012752886086673243,0.0040290309698320925,0.4266201418431592,0.005359273054637015,0.014923538328730501,0.009448046694160439,0.01579224620400055
26.6,0.005764747838838957,0.0034176514236605726,0.0049794570077210665,0.0030909875931683928,0.008331577528224443,0.012591297854669392,0.012420158018358052,0.015333856281358749,0.010706271095841657,0.013703073391297949,0.011976565365330316,0.011201675283700752,0.008715654912521131,0.0066885005799122155,0.008436854259343818,0.011659826386676286,0.013403410775936209,0.012722725950879976,0.020094226238143165,0.012924845723318867,0.010760660152300261,0.012085641865269281,0.01314131441176869,0.00772381874412531,0.014560992585757049,0.006664271641056985,0.5249163872213103,0.01314773726335261,0.01479391288739862,0.012220973876537755,0.013303364430612419
26.7,0.006005074028507806,0.005304123885707668,0.007130662911549734,0.00554599886527285,0.006424392850021832,0.011864806874655187,0.011195521001354791,0.01335618959274143,0.011194194667041302,0.009441326183150522,0.012635659077204764,0.009528855516691692,0.010502408113097772,0.009934256813721731,0.011445085692685097,0.013156037148291944,0.013092856024741195,0.012125681532779709,0.01907491223391844,0.012036676525895018,0.011190514087502379,0.011360730277374387,0.014312262937892228,0.008052672528719995,0.012828270819227328,0.006176109163789079,0.523100616701413,0.008828933641780168,0.013241197098068369,0.011351223147357814,0.013233716708782595
26.8,0.0032572700001765043,0.007622162811458111,0.0051346077816560864,0.005026171711506322,0.005525689048226923,0.01272940124181332,0.011926110128115397,0.011311616181046702,0.00979847780399723,0.007607962133988622,0.012214775197207928,0.007573152979603037,0.009648199120420031,0.006922151078470051,0.008259708956757095,0.012266243938938715,0.012439335696399212,0.012001957220491022,0.015938039214233868,0.013026232918491587,0.010287623153999448,0.012175302254036069,0.011100943320343504,0.008348847622983158,0.011082197897849255,0.006498749571619555,0.4308832038077526,0.005012000910937786,0.012164080835646018,0.010550285805948079,0.008341635402757674
26.9,0.004572461621137336,0.0012972903641639277,0.006324644346022978,0.0035748438676819205,0.008369843071704963,0.01155082427430898,0.012124251115892548,0.009095872810576111,0.011346320388838649,0.00622814433882013,0.011466945798019879,0.008895988976291846,0.012111242103856057,0.010094325407408178,0.0028288915927987546,0.012029762438032776,0.010693560398067348,0.01097622056477121,0.01406755625794176,0.011340583787387004,0.011366929320502095,0.010940368083538488,0.01027822039759485,0.009816537703954964,0.011840398533422558,0.009076218175323447,0.32820480701047927,0.007046933023957536,0.007288480701390654,0.010851199913304299,0.008258874440798536
27.0,0.005325372330844402,0.0,0.008001859241630882,0.0006509375089081004,0.00658222590573132,0.011659677038551308,0.01307802929659374,0.011969233892159536,0.011595155665418133,0.007422889684676193,0.014026443823240697,0.01206060784170404,0.010345022019464523,0.007681886272621341,0.008341725115315057,0.008838812834710552,0.008492524734720064,0.011123265339847421,0.011245663336012512,0.011685649951687083,0.010558868962107226,0.009921963646775112,0.008002083341125399,0.008899088206817396,0.010408262896817178,0.009899075230350718,0.26351656721089967,0.0055406641331501305,0.009813124779611826,0.01027152975439094,0.007960180810187012
27.1,0.004077072371728718,0.0,0.0065207287116209045,0.0,0.0050322667811997235,0.011326234234729782,0.01294253277592361,0.01096567080821842,0.008942122394728358,0.011929924803553149,0.013437191810226068,0.013526644033845514,0.009931619570124894,0.011736924934666604,0.008365418034372851,0.010065834147070518,0.007468084804713726,0.012458349956432357,0.012578244131873362,0.012035424861096544,0.007336627095355652,0.009879524732241407,0.010759468218566326,0.002439240925014019,0.010253573782392778,0.006469364307122305,0.13591591821750626,0.004789795202668756,0.010074521705973893,0.011835108452942222,0.00937594046263257
27.2,0.004044751403853297,0.0004164975689491257,0.007562811315438012,0.00043478183215484023,0.008417229182668962,0.010980974038830027,0.012655133905354887,0.011910121429536957,0.008377711346838623,0.01533787974040024,0.013083751473459415,0.014649744116468355,0.011022026847058441,0.009858007324510254,0.013060416240477934,0.007765348400425864,0.009158487591776066,0.010567839171926607,0.016251783235929906,0.01186541783681605,0.008999581568787107,0.010225172227364965,0.0113589269676595,0.004831905498576816,0.009341205513919704,0.00850382004500716,0.043347106329747476,0.009113322375924326,0.00941480218898505,0.012781764526152983,0.009993339954235125
27.3,0.003346781595610082,0.001067395496647805,0.006618957093564859,0.0013574465992860496,0.007063085868139751,0.009800131374504417,0.013025205116719007,0.013059075354249217,0.00888394846697338,0.014816294542470132,0.01211502676596865,0.012778620439348742,0.011186207848368213,0.0113713247992564,0.013287197070894763,0.012633155056391843,0.00956312837843143,0.011605541076278314,0.014956350496504456,0.01046812105414574,0.012446994805941358,0.008898700880308752,0.0132174146710895,0.007393191608571215,0.010226483454971458,0.008478666677547153,0.020203386957291514,0.007605324644828215,0.012162710481788963,0.013309667847352102,0.008862938011588994
27.4,0.00464012729935348,0.0,0.007135446530810441,0.00016377434803871438,0.007199998653959483,0.009777332888916135,0.01275151502341032,0.011685456963732577,0.010502587392693385,0.010220329349976964,0.010875995212700218,0.009803409557207488,0.012295122651266865,0.012554551649373025,0.010529408900765702,0.01186233275802806,0.009926627535605803,0.011363397352397442,0.01159718169219559,0.011584605235839263,0.009293611255998258,0.007817591686034575,0.00952204642999277,0.007845680302125402,0.010123546453542076,0.011930073669645935,0.08194181887688501,0.003976951411459595,0.01113935824832879,0.013886447122786194,0.008815224573481828
27.5,0.00555233214981854,0.0,0.006728644548275042,0.0018740252198767848,0.00759124246542342,0.011565621534828097,0.013488749973475933,0.012436430115485564,0.013224299036664888,0.010291139951732475,0.008038903906708583,0.009865681522569503,0.012705529952654615,0.010183016529481392,0.005025576101616025,0.011599432091315975,0.011665518541121855,0.009949917803169228,0.009613330657884944,0.011853615797008388,0.01293541063205339,0.00812021920864936,0.010980110164382495,0.008558209040074871,0.009290362713727518,0.006156171657494269,0.37164044377277605,0.007294829174497863,0.009745876159286126,0.01005018777505029,0.007749493320261536
27.6,0.005829269648529589,0.0,0.006798202921345364,0.0,0.008245806093327701,0.010069410782307386,0.01232581889780704,0.012204896047478542,0.013198698870837688,0.005240539903752506,0.009974162312573753,0.008383567837881856,0.010326649353373796,0.008392478339374065,0.004977847565896809,0.007867659396652016,0.008640985397505574,0.011105458543170244,0.010532195774430875,0.011423761970945634,0.010100673098349944,0.007571260562144744,0.011373873130651191,0.009482096174906474,0.010189707463723607,0.005436177416413557,0.3716722998069599,0.006863023124878964,0.009442145965294912,0.00813050108263269,0.00493399340484757
27.7,0.004375899734441191,0.0,0.00818624634121079,0.0,0.008618141728220508,0.011640365009952802,0.013443570205708966,0.012362102861516178,0.011006022687070072,0.008664424440212315,0.008644278132123873,0.011664832800306613,0.00827008014312014,0.008352901204489172,0.00550981902051717,0.0040732426555223356,0.009221295913448557,0.009581724953022785,0.01612396095879376,0.009575481635692995,0.008826236153254285,0.009131456827162765,0.011976058769960218,0.010779644480862771,0.009472574122355581,0.00774719868786633,0.3687179193366319,0.007624606732861139,0.011247034053667448,0.008262838528025895,0.00856540646054782
27.8,0.0023347990645561367,0.0,0.007729331664450001,0.0,0.00751570871216245,0.010191227484028786,0.01353592742816545,0.012129227397963405,0.010388876544311643,0.010027836160588777,0.011776025494327769,0.011473844788270071,0.009218330596922897,0.009503926034142296,0.013710703060496598,0.009379918810736854,0.010572011597105302,0.01039506052620709,0.01872187371191103,0.009745369789015967,0.010039444350695703,0.01176389618194662,0.01302119650063105,0.010062213186756708,0.008964355001808144,0.005118142157698458,0.35653015482239425,0.007058585761114955,0.01000159521936439,0.012571166698762681,0.008944715591496788
27.9,0.0018122745677828789,0.0,0.007956008921610191,1.4821853255853057e-05,0.008566732285544276,0.010674487421056256,0.013495634630089626,0.013534541649278253,0.009422372313565575,0.00994175226878724,0.00827614523586817,0.009459699649596587,0.010481144418008626,0.012275095359655097,0.012332688420428894,0.011113132250102353,0.01201869104988873,0.011815513571491465,0.0158490490866825,0.011871750648424495,0.01143054207204841,0.012835423476644792,0.010755400107882451,0.01432442197256023,0.010800535674206913,0.007034967857180163,0.3235552302794531,0.003629620186984539,0.01139394473284483,0.014716322912136093,0.007270450787473237
28.0,0.0016332371887983754,0.0,0.007633919740328565,0.0019879889441654086,0.009860361824394204,0.011649469670373946,0.012827302562072873,0.0125516905245604,0.013995657354826108,0.009509827141300775,0.009580324640410254,0.010283197304943315,0.010550583774602273,0.01147560316894669,0.01084516457922291,0.012200485398352612,0.009883756829367485,0.011556233512237668,0.015947337215038715,0.014542157659889199,0.011172245685884263,0.011265794964856468,0.008701781916897744,0.015579561804770492,0.01088144945242675,0.01390254037687555,0.39623469303478487,0.008239279268309474,0.012705530316452496,0.011244545748922974,0.006541441339322773
28.1,0.0017948099412024021,0.0,0.007562677492387593,0.0027442528516985476,0.008102650826913305,0.011083300632890314,0.01294062560191378,0.01281611155718565,0.012671644653892145,0.011542852153070271,0.011003593826899305,0.013174082268960774,0.011652882531052455,0.011253054108237848,0.011445502750575542,0.01064024401784991,0.011961276904912665,0.010350014454161283,0.015964533340593334,0.013021256236243062,0.011437620414653793,0.011359329510014504,0.009255449404008687,0.010416696804895764,0.011546130408532917,0.011683519114740193,0.47410391707671806,0.006947676811250858,0.012608851887989658,0.011084984289482236,0.008448223616142059
28.2,0.00286200171103701,0.0008109910413622856,0.007865037041483447,0.004247646284056827,0.007250274793477729,0.01212790211866377,0.01044480060954811,0.013148690777597949,0.011186043411726132,0.009308959415648133,0.01227797067258507,0.009532551339361817,0.010558317299000919,0.008290092573588481,0.007728989294264466,0.01074203391908668,0.009004230960272253,0.011906321160495281,0.016074131417553872,0.01262628604308702,0.010788674371724483,0.010546619741944596,0.012106905742257368,0.005981262038403656,0.012743736751872348,0.005014027701690793,0.34158367139752954,0.008278633704321692,0.012529100204119459,0.008077587008301634,0.010946895417873748
28.3,0.007093812455423176,0.004138181975577027,0.009074176632566378,0.004507343110162765,0.008074130237218924,0.012699017897830345,0.01121219560445752,0.012027437915094197,0.015202845388557762,0.011632884998107329,0.012163187711848877,0.009029771317727864,0.011034275667043403,0.0076733780588256195,0.011024291889043525,0.01083093426132109,0.007989491350599565,0.009558226083754562,0.013256426027510315,0.011374796886229888,0.011507462113513611,0.0074525132367853075,0.011558245023479685,0.003334115172037855,0.011904681960004382,0.0036068961344426498,0.2903688998776488,0.012327099975664169,0.01244218205101788,0.011962528515141457,0.015105078691703966
28.4,,,,,,,,,,,,,,,,,,,,,,,,,,,,,,,
28.5,,,,,,,,,,,,,,,,,,,,,,,,,,,,,,,
28.6,,,,,,,,,,,,,,,,,,,,,,,,,,,,,,,
28.7,,,,,,,,,,,,,,,,,,,,,,,,,,,,,,,
28.8,,,,,,,,,,,,,,,,,,,,,,,,,,,,,,,
28.9,,,,,,,,,,,,,,,,,,,,,,,,,,,,,,,
29.0,,,,,,,,,,,,,,,,,,,,,,,,,,,,,,,
29.1,,,,,,,,,,,,,,,,,,,,,,,,,,,,,,,
29.2,,,,,,,,,,,,,,,,,,,,,,,,,,,,,,,
29.3,,,,,,,,,,,,,,,,,,,,,,,,,,,,,,,
29.4,,,,,,,,,,,,,,,,,,,,,,,,,,,,,,,
29.5,,,,,,,,,,,,,,,,,,,,,,,,,,,,,,,
29.6,,,,,,,,,,,,,,,,,,,,,,,,,,,,,,,
29.7,,,,,,,,,,,,,,,,,,,,,,,,,,,,,,,
29.8,,,,,,,,,,,,,,,,,,,,,,,,,,,,,,,
29.9,,,,,,,,,,,,,,,,,,,,,,,,,,,,,,,
